Waarde2;NaamWetenschappelijk1;NaamNederlands;Omschrijving1
Indigeniteit;Acaena microphylla Hook.f.;Bronskleurig stekelnootje;neofyt
Indigeniteit;Acer campestre L.;Spaanse aak;inheems
Indigeniteit;Acer negundo L.;Vederesdoorn;neofyt
Indigeniteit;Acer palmatum Thunb.;Japanse esdoorn;neofyt
Indigeniteit;Acer platanoides L.;Noorse esdoorn;neofyt
Indigeniteit;Acer pseudoplatanus L.;Gewone esdoorn;archeofyt of neofyt
Indigeniteit;Aceras anthropophorum (L.) Ait. f.;Poppenorchis;inheems
Indigeniteit;Achillea millefolium L.;Duizendblad;inheems
Indigeniteit;Achillea ptarmica L.;Wilde bertram;inheems
Indigeniteit;Acinos arvensis (Lam.) Dandy;Kleine steentijm;inheems of archeofyt
Indigeniteit;Aconitum lycoctonum L.;Gele monnikskap;inheems
Indigeniteit;Aconitum napellus L.;Blauwe monnikskap;neofyt
Indigeniteit;Acorus calamus L.;Kalmoes;neofyt
Indigeniteit;Actaea spicata L.;Christoffelkruid;inheems
Indigeniteit;Adonis aestivalis L.;Zomeradonis;archeofyt
Indigeniteit;Adonis annua L.;Herfstadonis;archeofyt
Indigeniteit;Adoxa moschatellina L.;Muskuskruid;inheems
Indigeniteit;Aegopodium podagraria L.;Zevenblad;inheems
Indigeniteit;Aesculus hippocastanum L.;Witte paardenkastanje;neofyt
Indigeniteit;Aesculus parviflora Walter;Kleinbloemige kastanje;neofyt
Indigeniteit;Aethusa cynapium L.;Hondspeterselie;inheems
Indigeniteit;Agrimonia eupatoria L.;Gewone agrimonie;inheems
Indigeniteit;Agrimonia procera Wallr.;Welriekende agrimonie;inheems
Indigeniteit;Agrostemma githago L.;Bolderik;archeofyt
Indigeniteit;Agrostis canina L.;Moerasstruisgras;inheems
Indigeniteit;Agrostis capillaris L.;Gewoon struisgras;inheems
Indigeniteit;Agrostis gigantea Roth;Hoog struisgras;inheems
Indigeniteit;Agrostis scabra Willd.;;neofyt
Indigeniteit;Agrostis stolonifera L.;Fioringras;inheems
Indigeniteit;Agrostis vinealis Schreb.;Zandstruisgras;inheems
Indigeniteit;Ailanthus altissima (Mill.) Swingle;Hemelboom;neofyt
Indigeniteit;Aira caryophyllea L.;Zilverhaver;inheems
Indigeniteit;Aira praecox L.;Vroege haver;inheems
Indigeniteit;Ajuga reptans L.;Kruipend zenegroen;inheems
Indigeniteit;Alcea rosea L.;Stokroos;neofyt
Indigeniteit;Alchemilla glabra Neygenf.;Kale vrouwenmantel;inheems
Indigeniteit;Alchemilla mollis (Buser) Rothm.;Fraaie vrouwenmantel;neofyt
Indigeniteit;Alchemilla xanthochlora Rothm.;Geelgroene vrouwenmantel;inheems
Indigeniteit;Alisma gramineum Lej.;Smalle waterweegbree;inheems
Indigeniteit;Alisma lanceolatum With.;Slanke waterweegbree;inheems
Indigeniteit;Alisma plantago-aquatica L.;Grote waterweegbree;inheems
Indigeniteit;Alliaria petiolata (Bieb.) Cavara et Grande;Look-zonder-look;inheems
Indigeniteit;Allium oleraceum L.;Moeslook;inheems
Indigeniteit;Allium paradoxum (Bieb.) G. Don;Armbloemig look;neofyt
Indigeniteit;Allium scorodoprasum L.;Slangenlook;inheems
Indigeniteit;Allium ursinum L.;Daslook;inheems
Indigeniteit;Allium vineale L.;Kraailook;inheems
Indigeniteit;Alnus glutinosa (L.) Gaertn.;Zwarte els;inheems
Indigeniteit;Alnus incana (L.) Moench;Witte els;neofyt
Indigeniteit;Alopecurus aequalis Sobol.;Rosse vossenstaart;inheems
Indigeniteit;Alopecurus bulbosus Gouan;Knolvossenstaart;inheems
Indigeniteit;Alopecurus geniculatus L.;Geknikte vossenstaart;inheems
Indigeniteit;Alopecurus myosuroides Huds.;Duist;archeofyt
Indigeniteit;Alopecurus pratensis L.;Grote vossenstaart;inheems
Indigeniteit;Althaea officinalis L.;Heemst;inheems
Indigeniteit;Alyssum alyssoides (L.) L.;Bleek schildzaad;inheems
Indigeniteit;Amaranthus albus L.;Witte amarant;neofyt
Indigeniteit;Amaranthus blitoides S. Watson;Nerfamarant;neofyt
Indigeniteit;Amaranthus blitum L.;Kleine majer;archeofyt
Indigeniteit;Amaranthus bouchonii Thell.;Bouchon's amarant;neofyt
Indigeniteit;Amaranthus deflexus L.;Liggende majer;neofyt
Indigeniteit;Amaranthus hybridus L.;Groene amarant;neofyt
Indigeniteit;Amaranthus retroflexus L.;Papegaaienkruid;neofyt
Indigeniteit;Ambrosia coronopifolia Torr. et A. Gray;Zandambrosia;neofyt
Indigeniteit;Amelanchier lamarckii F.G. Schroeder;Amerikaans krentenboompje;neofyt
Indigeniteit;Ammophila arenaria (L.) Link;Helm;inheems
Indigeniteit;Amsinckia micrantha Suksd.;Kleinbloemige amsinckia;neofyt
Indigeniteit;Anacamptis pyramidalis (L.) L.C.M. Rich.;Hondskruid;inheems
Indigeniteit;Anagallis arvensis L.;Rood en blauw guichelheil;inheems
Indigeniteit;Anagallis tenella (L.) L.;Teer guichelheil;inheems
Indigeniteit;Anchusa arvensis (L.) Bieb.;Kromhals;inheems
Indigeniteit;Anchusa officinalis L.;Gewone ossentong;neofyt
Indigeniteit;Anchusa procera Besser ex Link;;neofyt
Indigeniteit;Anchusa thessala Boiss. & Spruner;;neofyt
Indigeniteit;Andromeda polifolia L.;Lavendelhei;inheems
Indigeniteit;Anemone nemorosa L.;Bosanemoon;inheems
Indigeniteit;Anemone ranunculoides L.;Gele anemoon;inheems
Indigeniteit;Angelica archangelica L.;Grote engelwortel;neofyt
Indigeniteit;Angelica sylvestris L.;Gewone engelwortel;inheems
Indigeniteit;Antennaria dioica (L.) Gaertn.;Rozenkransje;inheems
Indigeniteit;Anthemis arvensis L.;Valse kamille;archeofyt
Indigeniteit;Anthemis cotula L.;Stinkende kamille;archeofyt
Indigeniteit;Anthemis tinctoria L.;Gele kamille;archeofyt
Indigeniteit;Anthoxanthum aristatum Boiss.;Slofhak;neofyt
Indigeniteit;Anthoxanthum odoratum L.;Gewoon reukgras;inheems
Indigeniteit;Anthriscus caucalis Bieb.;Fijne kervel;inheems
Indigeniteit;Anthriscus sylvestris (L.) Hoffmann;Fluitenkruid;inheems
Indigeniteit;Anthyllis vulneraria L.;Wondklaver;inheems
Indigeniteit;Antirrhinum majus L.;Grote leeuwenbek;neofyt
Indigeniteit;Apera interrupta (L.) Beauv.;Stijve windhalm;neofyt
Indigeniteit;Apera spica-venti (L.) Beauv.;Grote windhalm;archeofyt
Indigeniteit;Aphanes arvensis L.;Grote leeuwenklauw;archeofyt
Indigeniteit;Aphanes inexspectata W. Lippert;Kleine leeuwenklauw;inheems
Indigeniteit;Apium graveolens L.;Selderij;inheems
Indigeniteit;Apium inundatum (L.) Reichenb. f.;Ondergedoken moerasscherm;inheems
Indigeniteit;Apium nodiflorum (L.) Lag.;Groot moerasscherm;inheems
Indigeniteit;Apium repens (Jacq.) Lag.;Kruipend moerasscherm;inheems
Indigeniteit;Arabidopsis thaliana (L.) Heynh.;Zandraket;inheems
Indigeniteit;Arabis glabra (L.) Bernh.;Torenkruid;inheems
Indigeniteit;Arabis hirsuta (L.) Scop.;Ruige scheefkelk;inheems
Indigeniteit;Aralia elata (Miq.) Seem.;Duivelswandelstok;neofyt
Indigeniteit;Arctium lappa L.;Grote klit;inheems
Indigeniteit;Arctium minus (Hill) Bernh.;Kleine klit;inheems
Indigeniteit;Arctium nemorosum Lej.;Bosklit;inheems
Indigeniteit;Arctium pubens Bab.;;inheems
Indigeniteit;Arctium tomentosum Mill.;Donzige klit;inheems
Indigeniteit;Arenaria serpyllifolia L.;Zandmuur;inheems
Indigeniteit;Aristolochia clematitis L.;Pijpbloem;archeofyt
Indigeniteit;Armeria maritima Willd.;Engels gras;inheems
Indigeniteit;Armoracia rusticana Gaertn., B. Mey. et Scherb.;Mierikswortel;neofyt
Indigeniteit;Arnica montana L.;Valkruid;inheems
Indigeniteit;Arnoseris minima (L.) Schweigg. et Körte;Korensla;inheems
Indigeniteit;Arrhenatherum elatius (L.) Beauv. ex J. et C. Presl;Glanshaver;inheems
Indigeniteit;Artemisia absinthium L.;Absintalsem;neofyt
Indigeniteit;Artemisia annua L.;Zomeralsem;neofyt
Indigeniteit;Artemisia campestris L.;Averuit;neofyt
Indigeniteit;Artemisia maritima L.;Zeealsem;inheems
Indigeniteit;Artemisia verlotiorum Lamotte;Herfstalsem;neofyt
Indigeniteit;Artemisia vulgaris L.;Bijvoet;inheems
Indigeniteit;Arum italicum Mill.;Italiaanse aronskelk;inheems
Indigeniteit;Arum maculatum L.;Gevlekte aronskelk;inheems
Indigeniteit;Asparagus officinalis L.;Asperge;inheems
Indigeniteit;Asparagus officinalis L. subsp. officinalis;Asperge (tuinasperge);inheems
Indigeniteit;Asparagus officinalis L. subsp. prostratus (Dum.) Corb.;Liggende asperge;inheems
Indigeniteit;Asperula cynanchica L.;Kalkbedstro;inheems
Indigeniteit;Asplenium adiantum-nigrum L.;Zwartsteel;inheems
Indigeniteit;Asplenium ruta-muraria L.;Muurvaren;inheems
Indigeniteit;Asplenium scolopendrium L.;Tongvaren;inheems
Indigeniteit;Asplenium septentrionale (L.) Hoffmann;Noordse streepvaren;inheems
Indigeniteit;Asplenium trichomanes L.;Steenbreekvaren;inheems
Indigeniteit;Aster lanceolatus Willd.;Smalle aster;neofyt
Indigeniteit;Aster novi-belgii L.;Nieuw-Nederlandse aster;neofyt
Indigeniteit;Aster tripolium L.;Zulte;inheems
Indigeniteit;Astragalus cicer L.;Bergerwt;neofyt
Indigeniteit;Astragalus glycyphyllos L.;Hokjespeul;neofyt
Indigeniteit;Athyrium filix-femina (L.) Roth;Wijfjesvaren;inheems
Indigeniteit;Atriplex glabriuscula Edmondst.;Kustmelde;inheems
Indigeniteit;Atriplex laciniata L.;Gelobde melde;inheems
Indigeniteit;Atriplex littoralis L.;Strandmelde;inheems
Indigeniteit;Atriplex patula L.;Uitstaande melde;inheems
Indigeniteit;Atriplex prostrata Boucher ex DC.;Spiesmelde;inheems
Indigeniteit;Atropa bella-donna L.;Wolfskers;archeofyt
Indigeniteit;Avena fatua L.;Oot;archeofyt
Indigeniteit;Avenula pubescens (Huds.) Dum.;Zachte haver;inheems
Indigeniteit;Azolla filiculoides Lam.;Grote kroosvaren;neofyt
Indigeniteit;Baccharis halimifolia L.;Struikaster;neofyt
Indigeniteit;Baldellia ranunculoides (L.) Parl.;Moerasweegbree;inheems
Indigeniteit;Ballota nigra L.;Stinkende ballote;inheems
Indigeniteit;Ballota nigra L. subsp. meridionalis (Béguinot) Béguinot;Stinkende ballote subsp. meridionalis;inheems
Indigeniteit;Barbarea intermedia Boreau;Bitter barbarakruid;neofyt
Indigeniteit;Barbarea stricta Andrz.;Stijf barbarakruid;archeofyt
Indigeniteit;Barbarea verna (Mill.) Aschers.;Vroeg barbarakruid;neofyt
Indigeniteit;Barbarea vulgaris R. Brown;Gewoon barbarakruid;inheems
Indigeniteit;Bassia hirsuta (L.) Aschers.;Ruig zoutkruid;inheems
Indigeniteit;Bellis perennis L.;Madeliefje;inheems
Indigeniteit;Berberis vulgaris L.;Zuurbes;inheems
Indigeniteit;Berteroa incana (L.) DC.;Grijskruid;neofyt
Indigeniteit;Berula erecta (Huds.) Coville;Kleine watereppe;inheems
Indigeniteit;Beta vulgaris L.;Biet en strandbiet;inheems
Indigeniteit;Beta vulgaris L. subsp. maritima (L.) Arcang.;Strandbiet;inheems
Indigeniteit;Betula pendula Roth;Ruwe berk;inheems
Indigeniteit;Betula pubescens Ehrh.;Zachte berk;inheems
Indigeniteit;Bidens cernua L.;Knikkend tandzaad;inheems
Indigeniteit;Bidens connata Muhlenb. ex Willd.;Smal tandzaad;neofyt
Indigeniteit;Bidens frondosa L.;Zwart tandzaad;neofyt
Indigeniteit;Bidens tripartita L.;Veerdelig tandzaad;inheems
Indigeniteit;Blackstonia perfoliata (L.) Huds.;Zomerbitterling;inheems
Indigeniteit;Blechnum spicant (L.) Roth;Dubbelloof;inheems
Indigeniteit;Blysmus compressus (L.) Panzer ex Link;Platte bies;inheems
Indigeniteit;Bolboschoenus planiculmis (F.Schmidt) T.V.Egorova;Oostelijke bies;neofyt
Indigeniteit;Botrychium lunaria (L.) Swartz;Gelobde maanvaren;inheems
Indigeniteit;Botrychium matricariifolium (A. Braun ex Döll) Koch;Vertakte maanvaren;inheems
Indigeniteit;Botrychium simplex Hitchc.;Kleine maanvaren;inheems
Indigeniteit;Brachypodium pinnatum (L.) Beauv.;Gevinde kortsteel;inheems
Indigeniteit;Brachypodium sylvaticum (Huds.) Beauv.;Boskortsteel;inheems
Indigeniteit;Brassica nigra (L.) Koch;Zwarte mosterd;archeofyt
Indigeniteit;Brassica rapa L.;Raapzaad;neofyt
Indigeniteit;Briza media L.;Bevertjes;inheems
Indigeniteit;Bromus arvensis L.;Akkerdravik;inheems of archeofyt
Indigeniteit;Bromus carinatus Hook. et Arnott;Gekielde dravik;neofyt
Indigeniteit;Bromus commutatus Schrad.;Grote trosdravik;inheems
Indigeniteit;Bromus diandrus Roth;Stijve dravik;inheems
Indigeniteit;Bromus erectus Huds.;Bergdravik;inheems
Indigeniteit;Bromus grossus Desf. ex DC.;Zware dreps;archeofyt
Indigeniteit;Bromus hordeaceus L.;Zachte dravik;inheems
Indigeniteit;Bromus inermis Leyss.;Kweekdravik;neofyt
Indigeniteit;Bromus racemosus L.;Trosdravik;inheems
Indigeniteit;Bromus ramosus Huds.;Ruwe dravik;inheems
Indigeniteit;Bromus secalinus L.;Dreps;archeofyt
Indigeniteit;Bromus sterilis L.;IJle dravik;inheems
Indigeniteit;Bromus tectorum L.;Zwenkdravik;inheems
Indigeniteit;Bromus thominei Hardouin;Duindravik;inheems
Indigeniteit;Bryonia dioica Jacq.;Heggenrank;inheems
Indigeniteit;Buddleja davidii Franch.;Vlinderstruik;neofyt
Indigeniteit;Bunias orientalis L.;Grote hardvrucht;neofyt
Indigeniteit;Bupleurum rotundifolium L.;Doorwas;inheems
Indigeniteit;Bupleurum tenuissimum L.;Fijn goudscherm;inheems
Indigeniteit;Butomus umbellatus L.;Zwanenbloem;inheems
Indigeniteit;Cabomba caroliniana A. Gray;Waterwaaier;neofyt
Indigeniteit;Cakile maritima Scop.;Zeeraket;inheems
Indigeniteit;Calamagrostis canescens (Weber) Roth;Hennegras;inheems
Indigeniteit;Calamagrostis epigejos (L.) Roth;Gewoon struisriet;inheems
Indigeniteit;Calamintha ascendens Jord.;Opstijgende steentijm;inheems
Indigeniteit;Calamintha nepeta (L.) Savi;Kleinbloemige steentijm;neofyt
Indigeniteit;Calla palustris L.;Slangenwortel;inheems
Indigeniteit;Callitriche brutia Petagna;Gesteeld sterrenkroos;inheems
Indigeniteit;Callitriche hamulata Kütz. ex Koch;Haaksterrenkroos;inheems
Indigeniteit;Callitriche obtusangula Le Gall;Stomphoekig sterrenkroos;inheems
Indigeniteit;Callitriche palustris L.;Klein sterrenkroos;inheems
Indigeniteit;Callitriche platycarpa Kütz.;Gewoon sterrenkroos;inheems
Indigeniteit;Callitriche stagnalis Scop.;Gevleugeld sterrenkroos;inheems
Indigeniteit;Callitriche truncata Guss.;Doorschijnend sterrenkroos;inheems
Indigeniteit;Calluna vulgaris (L.) Hull;Struikhei;inheems
Indigeniteit;Caltha palustris L.;Dotterbloem;inheems
Indigeniteit;Calystegia sepium (L.) R. Brown;Haagwinde;inheems
Indigeniteit;Calystegia silvatica Griseb.;Gestreepte winde;neofyt
Indigeniteit;Calystegia soldanella (L.) R. Brown;Zeewinde;inheems
Indigeniteit;Camelina alyssum (Mill.) Thell.;Vlashuttentut;neofyt
Indigeniteit;Campanula latifolia L.;Breed klokje;neofyt
Indigeniteit;Campanula patula L.;Weideklokje;neofyt
Indigeniteit;Campanula persicifolia L.;Prachtklokje;inheems
Indigeniteit;Campanula portenschlagiana Schult.;Dalmatiëklokje;neofyt
Indigeniteit;Campanula poscharskyana Degen;Kruipklokje;neofyt
Indigeniteit;Campanula rapunculoides L.;Akkerklokje;inheems
Indigeniteit;Campanula rapunculus L.;Rapunzelklokje;inheems
Indigeniteit;Campanula rhomboidalis L.;Bergklokje;neofyt
Indigeniteit;Campanula rotundifolia L.;Grasklokje;inheems
Indigeniteit;Campanula trachelium L.;Ruig klokje;inheems
Indigeniteit;Capsella bursa-pastoris (L.) Med.;Herderstasje;inheems
Indigeniteit;Cardamine amara L.;Bittere veldkers;inheems
Indigeniteit;Cardamine flexuosa With.;Bosveldkers;inheems
Indigeniteit;Cardamine hirsuta L.;Kleine veldkers;inheems
Indigeniteit;Cardamine impatiens L.;Springzaadveldkers;neofyt
Indigeniteit;Cardamine occulta Hornem.;Aziatische veldkers;neofyt
Indigeniteit;Cardamine pratensis L.;Pinksterbloem;inheems
Indigeniteit;Cardaminopsis arenosa (L.) Hayek;Rozetsteenkers;neofyt
Indigeniteit;Cardaria draba (L.) Desv.;Pijlkruidkers;neofyt
Indigeniteit;Carduus crispus L.;Kruldistel;inheems
Indigeniteit;Carduus nutans L.;Knikkende distel;inheems
Indigeniteit;Carduus tenuiflorus Curt.;Tengere distel;inheems
Indigeniteit;Carex acuta L.;Scherpe zegge;inheems
Indigeniteit;Carex acutiformis Ehrh.;Moeraszegge;inheems
Indigeniteit;Carex arenaria L.;Zandzegge;inheems
Indigeniteit;Carex binervis Smith;Tweenervige zegge;inheems
Indigeniteit;Carex bohemica Schreb.;Cyperzegge;inheems
Indigeniteit;Carex brizoides L.;Trilgraszegge;neofyt
Indigeniteit;Carex canescens L.;Zompzegge;inheems
Indigeniteit;Carex caryophyllea Latourr.;Voorjaarszegge;inheems
Indigeniteit;Carex cuprina (Sándor ex Heuffel) Nendtvich ex A. Kerner;Valse voszegge;inheems
Indigeniteit;Carex demissa Vahl ex Hartm.;Geelgroene zegge;inheems
Indigeniteit;Carex diandra Schrank;Ronde zegge;inheems
Indigeniteit;Carex digitata L.;Vingerzegge;inheems
Indigeniteit;Carex dioica L.;Tweehuizige zegge;inheems
Indigeniteit;Carex distans L.;Zilte zegge;inheems
Indigeniteit;Carex disticha Huds.;Tweerijige zegge;inheems
Indigeniteit;Carex divisa Huds.;Kustzegge;inheems
Indigeniteit;Carex divulsa Stokes;Groene bermzegge (bleke en ijle bermzegge);inheems
Indigeniteit;Carex echinata Murray;Sterzegge;inheems
Indigeniteit;Carex elata All.;Stijve zegge;inheems
Indigeniteit;Carex elongata L.;Elzenzegge;inheems
Indigeniteit;Carex extensa Good.;Kwelderzegge;inheems
Indigeniteit;Carex flacca Schreb.;Zeegroene zegge;inheems
Indigeniteit;Carex flava L.;Gele zegge;inheems
Indigeniteit;Carex hirta L.;Ruige zegge;inheems
Indigeniteit;Carex hostiana DC.;Blonde zegge;inheems
Indigeniteit;Carex lasiocarpa Ehrh.;Draadzegge;inheems
Indigeniteit;Carex lepidocarpa Tausch;Schubzegge;inheems
Indigeniteit;Carex limosa L.;Slijkzegge;inheems
Indigeniteit;Carex muricata L.;Dichte bermzegge;inheems
Indigeniteit;Carex nigra (L.) Reichard;Zwarte zegge;inheems
Indigeniteit;Carex ovalis Good.;Hazenzegge;inheems
Indigeniteit;Carex pallescens L.;Bleke zegge;inheems
Indigeniteit;Carex panicea L.;Blauwe zegge;inheems
Indigeniteit;Carex paniculata L.;Pluimzegge;inheems
Indigeniteit;Carex pendula Huds.;Hangende zegge;inheems
Indigeniteit;Carex pilulifera L.;Pilzegge;inheems
Indigeniteit;Carex pseudocyperus L.;Hoge cyperzegge;inheems
Indigeniteit;Carex pulicaris L.;Vlozegge;inheems
Indigeniteit;Carex punctata Gaudin;Stippelzegge;inheems
Indigeniteit;Carex reichenbachii Bonnet;Valse zandzegge;inheems
Indigeniteit;Carex remota Jusl. ex L.;IJle zegge;inheems
Indigeniteit;Carex riparia Curt.;Oeverzegge;inheems
Indigeniteit;Carex rostrata Stokes;Snavelzegge;inheems
Indigeniteit;Carex scoparia Willd.;;neofyt
Indigeniteit;Carex spicata Huds.;Gewone bermzegge;inheems
Indigeniteit;Carex strigosa Huds.;Slanke zegge;inheems
Indigeniteit;Carex sylvatica Huds.;Boszegge;inheems
Indigeniteit;Carex trinervis Degl.;Drienervige zegge;inheems
Indigeniteit;Carex vesicaria L.;Blaaszegge;inheems
Indigeniteit;Carex viridula s.l.;Dwergzegge groep;inheems
Indigeniteit;Carex vulpina L.;Voszegge;inheems
Indigeniteit;Carlina vulgaris L.;Driedistel;inheems
Indigeniteit;Carpinus betulus L.;Haagbeuk;inheems
Indigeniteit;Carpobrotus edulis (L.) N.E.Br.;Hottentotvijg;neofyt
Indigeniteit;Carum verticillatum (L.) Koch;Kranskarwij;inheems
Indigeniteit;Castanea sativa Mill.;Tamme kastanje;archeofyt
Indigeniteit;Catabrosa aquatica (L.) Beauv.;Watergras;inheems
Indigeniteit;Catapodium marinum (L.) C.E. Hubbard;Laksteeltje;inheems
Indigeniteit;Catapodium rigidum (L.) C.E. Hubbard;Stijf hardgras;inheems
Indigeniteit;Cenchrus flaccidus (Griseb.) Morrone;Slank lampenpoetsergras;neofyt
Indigeniteit;Centaurea calcitrapa L.;Kalketrip;archeofyt
Indigeniteit;Centaurea cyanus L.;Korenbloem;archeofyt
Indigeniteit;Centaurea L. subg. Jacea;Knoopkruid s.l.;inheems
Indigeniteit;Centaurea scabiosa L.;Grote centaurie;inheems
Indigeniteit;Centaurium erythraea Rafn;Echt duizendguldenkruid;inheems
Indigeniteit;Centaurium littorale (D. Turn.) Gilm.;Strandduizendguldenkruid;inheems
Indigeniteit;Centaurium pulchellum (Sw.) Druce;Fraai duizendguldenkruid;inheems
Indigeniteit;Centranthus calcitrapa (L.) Dufr.;;neofyt
Indigeniteit;Centranthus ruber (L.) DC.;Rode spoorbloem;archeofyt of neofyt
Indigeniteit;Centunculus minimus L.;Dwergbloem;inheems
Indigeniteit;Cephalanthera damasonium (Mill.) Druce;Bleek bosvogeltje;inheems
Indigeniteit;Cephalanthera longifolia (L.) Fritsch;Wit bosvogeltje;inheems
Indigeniteit;Cerastium arvense L.;Akkerhoornbloem;inheems
Indigeniteit;Cerastium diffusum Pers.;Scheve hoornbloem;inheems
Indigeniteit;Cerastium fontanum Baumg.;Gewone hoornbloem;inheems
Indigeniteit;Cerastium glomeratum Thuill.;Kluwenhoornbloem;inheems
Indigeniteit;Cerastium pumilum Curt.;Steenhoornbloem;inheems
Indigeniteit;Cerastium semidecandrum L.;Zandhoornbloem;inheems
Indigeniteit;Cerastium tomentosum L.;Viltige hoornbloem;neofyt
Indigeniteit;Ceratocapnos claviculata (L.) Lidén;Rankende helmbloem;inheems
Indigeniteit;Ceratophyllum demersum L.;Grof hoornblad;inheems
Indigeniteit;Ceratophyllum submersum L.;Fijn hoornblad;inheems
Indigeniteit;Ceterach officinarum Willd.;Schubvaren;inheems
Indigeniteit;Chaenorrhinum minus (L.) Lange;Kleine leeuwenbek;archeofyt
Indigeniteit;Chaerophyllum temulum L.;Dolle kervel;inheems
Indigeniteit;Chelidonium majus L.;Stinkende gouwe;archeofyt
Indigeniteit;Chenopodium album L.;Melganzenvoet;inheems
Indigeniteit;Chenopodium ambrosioides L.;Welriekende ganzenvoet;neofyt
Indigeniteit;Chenopodium berlandieri Moq.;Texaanse ganzenvoet;neofyt
Indigeniteit;Chenopodium bonus-henricus L.;Brave hendrik;archeofyt
Indigeniteit;Chenopodium chenopodioides (L.) Aell.;Beursjesganzenvoet;inheems
Indigeniteit;Chenopodium ficifolium Smith;Stippelganzenvoet;inheems
Indigeniteit;Chenopodium foliosum Aschers.;Rode aardbeispinazie;neofyt
Indigeniteit;Chenopodium glaucum L.;Zeegroene ganzenvoet;archeofyt
Indigeniteit;Chenopodium hybridum L.;Esdoornganzenvoet;inheems
Indigeniteit;Chenopodium murale L.;Muurganzenvoet;inheems
Indigeniteit;Chenopodium polyspermum L.;Korrelganzenvoet;inheems
Indigeniteit;Chenopodium pumilio R. Brown;Liggende ganzenvoet;neofyt
Indigeniteit;Chenopodium rubrum L.;Rode ganzenvoet;inheems
Indigeniteit;Chenopodium vulvaria L.;Stinkende ganzenvoet;inheems
Indigeniteit;Chondrilla juncea L.;Knikbloem;neofyt
Indigeniteit;Chrysanthemum segetum L.;Gele ganzenbloem;inheems
Indigeniteit;Chrysosplenium alternifolium L.;Verspreidbladig goudveil;inheems
Indigeniteit;Chrysosplenium oppositifolium L.;Paarbladig goudveil;inheems
Indigeniteit;Cicendia filiformis (L.) Delarbre;Draadgentiaan;inheems
Indigeniteit;Cichorium intybus L.;Wilde cichorei;archeofyt
Indigeniteit;Cicuta virosa L.;Waterscheerling;inheems
Indigeniteit;Circaea lutetiana L.;Groot heksenkruid;inheems
Indigeniteit;Cirsium acaule Scop.;Aarddistel;inheems
Indigeniteit;Cirsium arvense (L.) Scop.;Akkerdistel;inheems
Indigeniteit;Cirsium dissectum (L.) Hill;Spaanse ruiter;inheems
Indigeniteit;Cirsium eriophorum (L.) Scop.;Wollige distel;inheems
Indigeniteit;Cirsium oleraceum (L.) Scop.;Moesdistel;inheems
Indigeniteit;Cirsium palustre (L.) Scop.;Kale jonker;inheems
Indigeniteit;Cirsium rivulare (Jacq.) All.;Oeverdistel;neofyt
Indigeniteit;Cirsium vulgare (Savi) Ten.;Speerdistel;inheems
Indigeniteit;Cladium mariscus (L.) Pohl;Galigaan;inheems
Indigeniteit;Claytonia perfoliata Donn ex Willd.;Winterpostelein;neofyt
Indigeniteit;Claytonia sibirica L.;Roze winterpostelein;neofyt
Indigeniteit;Clematis vitalba L.;Bosrank;inheems
Indigeniteit;Clinopodium vulgare L.;Borstelkrans;inheems
Indigeniteit;Cochlearia danica L.;Deens lepelblad;inheems
Indigeniteit;Cochlearia officinalis L.;Echt lepelblad;inheems
Indigeniteit;Coeloglossum viride (L.) Hartm.;Groene nachtorchis;inheems
Indigeniteit;Coincya monensis (L.) Greuter et Burdet;Muurbloemmosterd;neofyt
Indigeniteit;Colchicum autumnale L.;Herfsttijloos;inheems
Indigeniteit;Colutea arborescens L.;Europese blazenstruik;neofyt
Indigeniteit;Comarum palustre L.;Wateraardbei;inheems
Indigeniteit;Conium maculatum L.;Gevlekte scheerling;inheems
Indigeniteit;Conopodium majus (Gouan) Loret;Franse aardkastanje;inheems
Indigeniteit;Consolida regalis S.F. Gray;Wilde ridderspoor;archeofyt
Indigeniteit;Convallaria majalis L.;Lelietje-van-dalen;inheems
Indigeniteit;Convolvulus arvensis L.;Akkerwinde;inheems
Indigeniteit;Conyza bilbaoana J. Rémy;Ruige fijnstraal;neofyt
Indigeniteit;Conyza bonariensis (L.) Cronq.;Gevlamde fijnstraal;neofyt
Indigeniteit;Conyza canadensis (L.) Cronq.;Canadese fijnstraal;neofyt
Indigeniteit;Conyza sumatrensis (Retz.) E. Walker;Hoge fijnstraal;neofyt
Indigeniteit;Corispermum leptopterum (Aschers.) Iljin;Smal vlieszaad;neofyt
Indigeniteit;Cornus sanguinea L.;Rode kornoelje;inheems
Indigeniteit;Cornus sericea L.;Canadese kornoelje;neofyt
Indigeniteit;Coronopus didymus (L.) Smith;Kleine varkenskers;neofyt
Indigeniteit;Coronopus squamatus (Forssk.) Aschers.;Grove varkenskers;inheems
Indigeniteit;Corrigiola litoralis L.;Riempjes;inheems
Indigeniteit;Corydalis solida (L.) Clairv.;Vingerhelmbloem;inheems
Indigeniteit;Corylus avellana L.;Hazelaar;inheems
Indigeniteit;Corynephorus canescens (L.) Beauv.;Buntgras;inheems
Indigeniteit;Cota altissima (L.) J.Gay;;neofyt
Indigeniteit;Cotoneaster apiculatus Rehder & E.H.Wilson;;neofyt
Indigeniteit;Cotoneaster dielsianus Pritzel;;neofyt
Indigeniteit;Cotoneaster horizontalis Decaisne;Vlakke dwergmispel;neofyt
Indigeniteit;Cotoneaster rehderi Pojark;Rimpelige cotoneaster;neofyt
Indigeniteit;Cotoneaster salicifolius Franch.;Wilgbladige cotoneaster;neofyt
Indigeniteit;Cotoneaster simonsii Baker;;neofyt
Indigeniteit;Cotoneaster sternianus (Turrill) Boom;;neofyt
Indigeniteit;Cotula australis (Sieber ex Spreng.) Hook f.;Kamilleknopje;inheems
Indigeniteit;Crambe maritima L.;Zeekool;inheems
Indigeniteit;Crassula helmsii (T. Kirk) Cock.;Watercrassula;neofyt
Indigeniteit;Crassula tillaea Lester-Garland;Mosbloempje;inheems
Indigeniteit;Crataegus laevigata (Poiret) DC.;Tweestijlige meidoorn;inheems
Indigeniteit;Crataegus monogyna Jacq.;Eenstijlige meidoorn;inheems
Indigeniteit;Crataegus rhipidophylla Gandoger;Koraalmeidoorn;inheems
Indigeniteit;Crataegus x media Bechst.;Tweestijlige x eenstijlige meidoorn;inheems
Indigeniteit;Crepis biennis L.;Groot streepzaad;inheems
Indigeniteit;Crepis capillaris (L.) Wallr.;Klein streepzaad;inheems
Indigeniteit;Crepis foetida L.;Stinkend streepzaad;archeofyt
Indigeniteit;Crepis paludosa (L.) Moench;Moerasstreepzaad;inheems
Indigeniteit;Crepis polymorpha Pourr.;Paardenbloemstreepzaad;inheems
Indigeniteit;Crepis setosa Haller f.;Borstelstreepzaad;neofyt
Indigeniteit;Crepis tectorum L.;Smal streepzaad;inheems
Indigeniteit;Crithmum maritimum L.;Zeevenkel;inheems
Indigeniteit;Crocus vernus (L.) Hill;Bonte krokus;neofyt
Indigeniteit;Cruciata laevipes Opiz;Kruisbladwalstro;inheems
Indigeniteit;Cuscuta epilinum Weihe;Vlaswarkruid;neofyt
Indigeniteit;Cuscuta epithymum (L.) L.;Klein warkruid;inheems
Indigeniteit;Cuscuta europaea L.;Groot warkruid;inheems
Indigeniteit;Cymbalaria muralis P. Gaertn., B. Mey. et Scherb.;Muurleeuwenbek;neofyt
Indigeniteit;Cynara cardunculus L.;Kardoen;neofyt
Indigeniteit;Cynara scolymus L.;Artisjok;neofyt
Indigeniteit;Cynodon dactylon (L.) Pers.;Handjesgras;neofyt
Indigeniteit;Cynoglossum officinale L.;Veldhondstong;inheems
Indigeniteit;Cynosurus cristatus L.;Kamgras;inheems
Indigeniteit;Cyperus esculentus L.;Knolcyperus;neofyt
Indigeniteit;Cyperus flavescens L.;Geel cypergras;inheems
Indigeniteit;Cyperus fuscus L.;Bruin cypergras;inheems
Indigeniteit;Cystopteris fragilis (L.) Bernh.;Blaasvaren;inheems
Indigeniteit;Cytisus scoparius (L.) Link;Brem;inheems
Indigeniteit;Daboecia cantabrica (Huds.) K.Koch;;neofyt
Indigeniteit;Dactylis glomerata L.;Kropaar;inheems
Indigeniteit;Dactylis polygama Horvátovszky;IJle kropaar;neofyt
Indigeniteit;Dactylorhiza fistulosa (Moench) H. Baumann et Künkele;Brede orchis;inheems
Indigeniteit;Dactylorhiza fuchsii (Druce) Soó;Bosorchis;inheems
Indigeniteit;Dactylorhiza incarnata (L.) Soó;Vleeskleurige orchis;inheems
Indigeniteit;Dactylorhiza maculata (L.) Soó;Gevlekte orchis;inheems
Indigeniteit;Dactylorhiza maculata (L.) Soó subsp. elodes (Griseb.) Soó;Gevlekte orchis subsp. elodes;inheems
Indigeniteit;Dactylorhiza praetermissa (Druce) Soó;Rietorchis;inheems
Indigeniteit;Dactylorhiza sphagnicola (Höppner) Averyanov;Veenorchis;inheems
Indigeniteit;Danthonia decumbens (L.) DC.;Tandjesgras;inheems
Indigeniteit;Daphne mezereum L.;Rood peperboompje;inheems
Indigeniteit;Datura stramonium L.;Doornappel;neofyt
Indigeniteit;Daucus carota L.;Peen;inheems
Indigeniteit;Delia segetalis (L.) Dum.;Korenschijnspurrie;inheems
Indigeniteit;Deschampsia cespitosa (L.) Beauv.;Ruwe smele;inheems
Indigeniteit;Deschampsia flexuosa (L.) Trin.;Bochtige smele;inheems
Indigeniteit;Deschampsia setacea (Huds.) Hack.;Moerassmele;inheems
Indigeniteit;Descurainia sophia (L.) Webb ex Prantl;Sofiekruid;archeofyt
Indigeniteit;Dianthus armeria L.;Ruige anjer;inheems
Indigeniteit;Dianthus deltoides L.;Steenanjer;inheems
Indigeniteit;Dianthus plumarius L.;;neofyt
Indigeniteit;Digitalis purpurea L.;Vingerhoedskruid;inheems
Indigeniteit;Digitaria aequiglumis (Hack. et Arechav.) Parodi;;neofyt
Indigeniteit;Digitaria ischaemum (Schreb. ex Schweigg.) Muhlenb.;Glad vingergras;inheems
Indigeniteit;Digitaria sanguinalis (L.) Scop.;Harig vingergras;neofyt
Indigeniteit;Diphasiastrum tristachyum (Pursh) Holub;Kleine wolfsklauw;inheems
Indigeniteit;Diplotaxis muralis (L.) DC.;Kleine zandkool;inheems
Indigeniteit;Diplotaxis tenuifolia (L.) DC.;Grote zandkool;neofyt
Indigeniteit;Dipsacus fullonum L.;Grote kaardenbol;inheems
Indigeniteit;Dipsacus laciniatus L.;Slipbladkaardenbol;neofyt
Indigeniteit;Dipsacus pilosus L.;Kleine kaardenbol;inheems
Indigeniteit;Dipsacus strigosus Willd. ex Roem. et Schult.;;neofyt
Indigeniteit;Dittrichia graveolens (L.) Greuter;Kamferalant;neofyt
Indigeniteit;Dittrichia viscosa (L.) Greuter;Kleverige alant;neofyt
Indigeniteit;Doronicum pardalianches L.;Hartbladzonnebloem;neofyt
Indigeniteit;Draba muralis L.;Wit hongerbloempje;inheems
Indigeniteit;Drosera anglica Huds.;Lange zonnedauw;inheems
Indigeniteit;Drosera intermedia Hayne;Kleine zonnedauw;inheems
Indigeniteit;Drosera rotundifolia L.;Ronde zonnedauw;inheems
Indigeniteit;Dryopteris affinis (Lowe) Fraser-Jenkins;Geschubde mannetjesvaren;inheems
Indigeniteit;Dryopteris carthusiana (Vill.) H.P. Fuchs;Smalle stekelvaren;inheems
Indigeniteit;Dryopteris cristata (L.) A. Gray;Kamvaren;inheems
Indigeniteit;Dryopteris dilatata (Hoffmann) A. Gray;Brede stekelvaren;inheems
Indigeniteit;Dryopteris filix-mas (L.) Schott;Mannetjesvaren;inheems
Indigeniteit;Duchesnea indica (Andrews) Focke;Schijnaardbei;neofyt
Indigeniteit;Dysphania ambrosioides (L.) Mosyakin & Clemants;Welriekende ganzenvoet;neofyt
Indigeniteit;Dysphania aristata (L.) Mosyakin & Clemants;;neofyt
Indigeniteit;Echinochloa crus-galli (L.) Beauv.;Europese hanenpoot;neofyt
Indigeniteit;Echinochloa muricata (Beauv.) Fernald;Stekelige hanenpoot;neofyt
Indigeniteit;Echium vulgare L.;Slangenkruid;inheems
Indigeniteit;Egeria densa Planchon;;neofyt
Indigeniteit;Elaeagnus angustifolia L.;Smalle olijfwilg;neofyt
Indigeniteit;Elatine hexandra (Lapierre) DC.;Gesteeld glaskroos;inheems
Indigeniteit;Elatine hydropiper L.;Klein glaskroos;inheems
Indigeniteit;Elatine triandra Schkuhr;Drietallig glaskroos;inheems
Indigeniteit;Eleocharis acicularis (L.) Roem. et Schult.;Naaldwaterbies;inheems
Indigeniteit;Eleocharis multicaulis (Smith) Desv.;Veelstengelige waterbies;inheems
Indigeniteit;Eleocharis ovata (Roth) Roem. et Schult.;Eivormige waterbies;inheems
Indigeniteit;Eleocharis palustris (L.) Roem. et Schult.;Gewone waterbies;inheems
Indigeniteit;Eleocharis quinqueflora (F.X. Hartm.) O. Schwartz;Armbloemige waterbies;inheems
Indigeniteit;Eleocharis uniglumis (Link) Schult.;Slanke waterbies;inheems
Indigeniteit;Elodea canadensis Michaux;Brede waterpest;neofyt
Indigeniteit;Elodea nuttallii (Planch.) St John;Smalle waterpest;neofyt
Indigeniteit;Elymus athericus (Link) Kerguélen;Strandkweek;inheems
Indigeniteit;Elymus caninus (L.) L.;Hondstarwegras;inheems
Indigeniteit;Elymus farctus (Viv.) Runemark ex Melderis;Biestarwegras;inheems
Indigeniteit;Elymus repens (L.) Gould;Kweek;inheems
Indigeniteit;Elytrigia maritima Tzelev;Zandkweek;inheems
Indigeniteit;Epilobium angustifolium L.;Wilgenroosje;inheems
Indigeniteit;Epilobium brachycarpum C.Presl;;neofyt
Indigeniteit;Epilobium ciliatum Rafin.;Beklierde basterdwederik;neofyt
Indigeniteit;Epilobium hirsutum L.;Harig wilgenroosje;inheems
Indigeniteit;Epilobium lanceolatum Seb. et Mauri;Lancetbladige basterdwederik;inheems
Indigeniteit;Epilobium montanum L.;Bergbasterdwederik;inheems
Indigeniteit;Epilobium obscurum Schreb.;Donkergroene basterdwederik;inheems
Indigeniteit;Epilobium palustre L.;Moerasbasterdwederik;inheems
Indigeniteit;Epilobium parviflorum Schreb.;Viltige basterdwederik;inheems
Indigeniteit;Epilobium roseum Schreb.;Bleke basterdwederik;inheems
Indigeniteit;Epilobium tetragonum L.;Kantige basterdwederik;inheems
Indigeniteit;Epipactis atrorubens (Hoffmann) Besser;Bruinrode wespenorchis;inheems
Indigeniteit;Epipactis helleborine (L.) Crantz;Brede wespenorchis;inheems
Indigeniteit;Epipactis muelleri Godf.;Geelgroene wespenorchis;inheems
Indigeniteit;Epipactis palustris (L.) Crantz;Moeraswespenorchis;inheems
Indigeniteit;Epipactis phyllanthes G.E. Smith;Groene wespenorchis;inheems
Indigeniteit;Equisetum arvense L.;Heermoes;inheems
Indigeniteit;Equisetum fluviatile L.;Holpijp;inheems
Indigeniteit;Equisetum hyemale L.;Schaafstro;inheems
Indigeniteit;Equisetum palustre L.;Lidrus;inheems
Indigeniteit;Equisetum sylvaticum L.;Bospaardenstaart;inheems
Indigeniteit;Equisetum telmateia Ehrh.;Reuzenpaardenstaart;inheems
Indigeniteit;Equisetum variegatum Schleich.;Bonte paardenstaart;inheems
Indigeniteit;Eragrostis curvula (Schrad.) Nees;Zuid-Afrikaans liefdegras;neofyt
Indigeniteit;Eragrostis minor Host;Klein liefdegras;neofyt
Indigeniteit;Eragrostis pilosa (L.) Beauv.;Straatliefdegras;neofyt
Indigeniteit;Eragrostis pilosa (L.) Beauv. subsp. damiensiana (Bonnet) Thell.;;neofyt
Indigeniteit;Eranthis hyemalis (L.) Salisb.;Winterakoniet;neofyt
Indigeniteit;Erica cinerea L.;Rode dophei;inheems
Indigeniteit;Erica herbacea L.;Sneeuwhei;neofyt
Indigeniteit;Erica tetralix L.;Gewone dophei;inheems
Indigeniteit;Erigeron acer L.;Scherpe fijnstraal;inheems
Indigeniteit;Erigeron annuus (L.) Desf.;Zomerfijnstraal;neofyt
Indigeniteit;Erigeron annuus (L.) Desf. subsp. annuus;;inheems
Indigeniteit;Erigeron karvinskianus DC.;Muurfijnstraal;neofyt
Indigeniteit;Eriophorum gracile Koch ex Roth;Slank wollegras;inheems
Indigeniteit;Eriophorum latifolium Hoppe;Breed wollegras;inheems
Indigeniteit;Eriophorum polystachion L.;Veenpluis;inheems
Indigeniteit;Eriophorum vaginatum L.;Eenarig wollegras;inheems
Indigeniteit;Erodium cicutarium (L.) L'Hérit.;Gewone reigersbek + duinreigersbek;inheems
Indigeniteit;Erodium lebelii Jord.;Kleverige reigersbek;inheems
Indigeniteit;Erophila verna (L.) Chevall.;Vroegeling;inheems
Indigeniteit;Eryngium campestre L.;Kruisdistel;inheems
Indigeniteit;Eryngium maritimum L.;Blauwe zeedistel;inheems
Indigeniteit;Erysimum cheiranthoides L.;Gewone steenraket;inheems
Indigeniteit;Erysimum cheiri (L.) Crantz;Muurbloem;archeofyt
Indigeniteit;Euonymus alatus (Thunb.) Siebold;Gevleugelde kardinaalsmuts;neofyt
Indigeniteit;Euonymus europaeus L.;Wilde kardinaalsmuts;inheems
Indigeniteit;Euonymus fortunei (Turcz.) Hand.-Mazz.;;neofyt
Indigeniteit;Eupatorium cannabinum L.;Koninginnenkruid;inheems
Indigeniteit;Euphorbia amygdaloides L.;Amandelwolfsmelk;inheems
Indigeniteit;Euphorbia cyparissias L.;Cipreswolfsmelk;inheems
Indigeniteit;Euphorbia dulcis L.;Zoete wolfsmelk;neofyt
Indigeniteit;Euphorbia esula L.;Heksenmelk;inheems
Indigeniteit;Euphorbia exigua L.;Kleine wolfsmelk;inheems
Indigeniteit;Euphorbia helioscopia L.;Kroontjeskruid;inheems
Indigeniteit;Euphorbia humifusa Willd.;;neofyt
Indigeniteit;Euphorbia lathyris L.;Kruisbladige wolfsmelk;neofyt
Indigeniteit;Euphorbia maculata L.;Straatwolfsmelk;neofyt
Indigeniteit;Euphorbia myrsinites L.;;neofyt
Indigeniteit;Euphorbia paralias L.;Zeewolfsmelk;inheems
Indigeniteit;Euphorbia peplus L.;Tuinwolfsmelk;inheems
Indigeniteit;Euphorbia platyphyllos L.;Brede wolfsmelk;inheems
Indigeniteit;Euphorbia prostrata Aiton;;neofyt
Indigeniteit;Euphrasia;Ogentroost (G);inheems
Indigeniteit;Euphrasia officinalis L.;Beklierde ogentroost;inheems
Indigeniteit;Euphrasia stricta J.P. Wolff ex Lehm.;Stijve ogentroost;inheems
Indigeniteit;Fagus sylvatica L.;Beuk;inheems
Indigeniteit;Falcaria vulgaris Bernh.;Sikkelkruid;archeofyt
Indigeniteit;Fallopia aubertii (L. Henry) Holub;Chinese bruidssluier;neofyt
Indigeniteit;Fallopia baldschuanica (Regel) Holub;Chinese bruidsluier;neofyt
Indigeniteit;Fallopia convolvulus (L.) Á. Löve;Zwaluwtong;inheems
Indigeniteit;Fallopia dumetorum (L.) Holub;Heggenduizendknoop;inheems
Indigeniteit;Fallopia japonica (Houtt.) Ronse Decraene;Japanse duizendknoop;neofyt
Indigeniteit;Fallopia sachalinensis (F. Schmidt Petrop.) Ronse Decraene;Sachalinse duizendknoop;neofyt
Indigeniteit;Festuca arundinacea Schreb.;Rietzwenkgras;inheems
Indigeniteit;Festuca filiformis Pourr.;Fijn schapengras;inheems
Indigeniteit;Festuca gigantea (L.) Vill.;Reuzenzwenkgras;inheems
Indigeniteit;Festuca juncifolia St-Amans;Duinzwenkgras;inheems
Indigeniteit;Festuca ovina L.;Genaald schapengras;neofyt
Indigeniteit;Festuca pratensis Huds.;Beemdlangbloem;inheems
Indigeniteit;Festuca rubra L.;Rood zwenkgras;inheems
Indigeniteit;Filago arvensis L.;Akkerviltkruid;inheems
Indigeniteit;Filago lutescens Jord.;Geel viltkruid;inheems
Indigeniteit;Filago minima (Smith) Pers.;Dwergviltkruid;inheems
Indigeniteit;Filago vulgaris Lam.;Duits viltkruid;inheems
Indigeniteit;Filipendula ulmaria (L.) Maxim.;Moerasspirea;inheems
Indigeniteit;Fragaria moschata Weston;Grote bosaardbei;inheems
Indigeniteit;Fragaria vesca L.;Bosaardbei;inheems
Indigeniteit;Frangula alnus Mill.;Sporkehout;inheems
Indigeniteit;Fraxinus excelsior L.;Es;inheems
Indigeniteit;Fritillaria meleagris L.;Kievitsbloem;inheems
Indigeniteit;Fumaria capreolata L.;Rankende duivenkervel;inheems
Indigeniteit;Fumaria densiflora DC.;Dichtbloemige duivenkervel;inheems
Indigeniteit;Fumaria muralis Sond. ex Koch;Middelste duivenkervel;neofyt
Indigeniteit;Fumaria officinalis L.;Gewone duivenkervel;inheems
Indigeniteit;Fumaria parviflora Lam.;Kleine duivenkervel;inheems
Indigeniteit;Fumaria vaillantii Loisel.;Roze duivenkervel;inheems
Indigeniteit;Gagea lutea (L.) Ker-Gawl.;Bosgeelster;inheems
Indigeniteit;Gagea pratensis (Pers.) Dum.;Weidegeelster;inheems
Indigeniteit;Gagea spathacea (Hayne) Salisb.;Schedegeelster;inheems
Indigeniteit;Gagea villosa (Bieb.) Sweet;Akkergeelster;inheems
Indigeniteit;Gaillardia x grandiflora Van Houtte;Kokardebloem;neofyt
Indigeniteit;Galanthus nivalis L.;Sneeuwklokje;neofyt
Indigeniteit;Galega officinalis L.;Galega;neofyt
Indigeniteit;Galeopsis angustifolia Ehrh. ex Hoffmann;Smalle raai;inheems
Indigeniteit;Galeopsis bifida Boenningh.;Gespleten hennepnetel;inheems
Indigeniteit;Galeopsis segetum Neck.;Bleekgele hennepnetel;inheems
Indigeniteit;Galeopsis speciosa Mill.;Dauwnetel;inheems
Indigeniteit;Galeopsis tetrahit L.;Gewone hennepnetel;inheems
Indigeniteit;Galinsoga parviflora Cav.;Kaal knopkruid;neofyt
Indigeniteit;Galinsoga quadriradiata Ruiz et Pav.;Harig knopkruid;neofyt
Indigeniteit;Galium aparine L.;Kleefkruid;archeofyt
Indigeniteit;Galium mollugo L.;Glad walstro;inheems
Indigeniteit;Galium odoratum (L.) Scop.;Lievevrouwebedstro;inheems
Indigeniteit;Galium palustre L.;Moeraswalstro;inheems
Indigeniteit;Galium pumilum Murray;Kalkwalstro;inheems
Indigeniteit;Galium saxatile L.;Liggend walstro;inheems
Indigeniteit;Galium spurium L.;Akkerwalstro;inheems
Indigeniteit;Galium tricornutum Dandy;Driehoornig walstro;inheems
Indigeniteit;Galium uliginosum L.;Ruw walstro;inheems
Indigeniteit;Galium verum L.;Geel walstro;inheems
Indigeniteit;Genista anglica L.;Stekelbrem;inheems
Indigeniteit;Genista pilosa L.;Kruipbrem;inheems
Indigeniteit;Genista tinctoria L.;Verfbrem;inheems
Indigeniteit;Gentiana pneumonanthe L.;Klokjesgentiaan;inheems
Indigeniteit;Gentianella campestris (L.) Börner;Veldgentiaan;inheems
Indigeniteit;Gentianella germanica (Willd.) Börner;Duitse gentiaan;inheems
Indigeniteit;Gentianella uliginosa (Willd.) Börner;Duingentiaan;inheems
Indigeniteit;Geranium columbinum L.;Fijne ooievaarsbek;inheems
Indigeniteit;Geranium dissectum L.;Slipbladige ooievaarsbek;inheems
Indigeniteit;Geranium molle L.;Zachte ooievaarsbek;inheems
Indigeniteit;Geranium palustre L.;Moerasooievaarsbek;neofyt
Indigeniteit;Geranium phaeum L.;Donkere ooievaarsbek;neofyt
Indigeniteit;Geranium pratense L.;Beemdooievaarsbek;neofyt
Indigeniteit;Geranium purpureum Vill.;Klein robertskruid;neofyt
Indigeniteit;Geranium pusillum L.;Kleine ooievaarsbek;inheems
Indigeniteit;Geranium pyrenaicum Burm. f.;Bermooievaarsbek;neofyt
Indigeniteit;Geranium robertianum L.;Robertskruid;inheems
Indigeniteit;Geranium rotundifolium L.;Ronde ooievaarsbek;neofyt
Indigeniteit;Geranium sylvaticum L.;Bosooievaarsbek;neofyt
Indigeniteit;Geum macrophyllum Willd.;Amerikaans nagelkruid;neofyt
Indigeniteit;Geum rivale L.;Knikkend nagelkruid;inheems of archeofyt
Indigeniteit;Geum urbanum L.;Geel nagelkruid;inheems
Indigeniteit;Glaucium flavum Crantz;Gele hoornpapaver;inheems
Indigeniteit;Glaux maritima L.;Melkkruid;inheems
Indigeniteit;Glechoma hederacea L.;Hondsdraf;inheems
Indigeniteit;Glyceria canadensis (Michaux) Trin.;Canadees vlotgras;neofyt
Indigeniteit;Glyceria declinata Bréb.;Getand vlotgras;inheems
Indigeniteit;Glyceria fluitans (L.) R. Brown;Mannagras;inheems
Indigeniteit;Glyceria maxima (Hartm.) Holmberg;Liesgras;inheems
Indigeniteit;Glyceria notata Chevall.;Stomp vlotgras;inheems
Indigeniteit;Gnaphalium luteoalbum L.;Bleekgele droogbloem;inheems
Indigeniteit;Gnaphalium sylvaticum L.;Bosdroogbloem;inheems
Indigeniteit;Gnaphalium uliginosum L.;Moerasdroogbloem;inheems
Indigeniteit;Goodyera repens (L.) R. Brown;Dennenorchis;neofyt
Indigeniteit;Gratiola officinalis L.;Genadekruid;inheems
Indigeniteit;Groenlandia densa (L.) Fourr.;Paarbladig fonteinkruid;inheems
Indigeniteit;Gymnadenia conopsea (L.) R. Brown;Grote muggenorchis;inheems
Indigeniteit;Gymnocarpium dryopteris (L.) Newman;Gebogen driehoeksvaren;inheems
Indigeniteit;Gymnocarpium robertianum (Hoffmann) Newman;Rechte driehoeksvaren;inheems
Indigeniteit;Gypsophila muralis L.;Gipskruid;inheems
Indigeniteit;Halimione pedunculata (L.) Aell.;Gesteelde zoutmelde;inheems
Indigeniteit;Halimione portulacoides (L.) Aell.;Gewone zoutmelde;inheems
Indigeniteit;Hammarbya paludosa (L.) O. Kuntze;Veenmosorchis;inheems
Indigeniteit;Hedera helix L.;Klimop;inheems
Indigeniteit;Hedera helix L. subsp. hibernica (Kirchner) D.C.McClint.;;neofyt
Indigeniteit;Helianthemum nummularium (L.) Mill.;Geel zonneroosje;inheems
Indigeniteit;Helianthus laetiflorus Pers.;Stijve zonnebloem;neofyt
Indigeniteit;Helianthus tuberosus L.;Aardpeer;neofyt
Indigeniteit;Helleborus viridis L.;Wrangwortel;inheems
Indigeniteit;Heracleum mantegazzianum Somm. et Lev.;Reuzenberenklauw;neofyt
Indigeniteit;Heracleum sphondylium L.;Gewone berenklauw;inheems
Indigeniteit;Herminium monorchis (L.) R. Brown;Honingorchis;inheems
Indigeniteit;Herniaria glabra L.;Kaal breukkruid;inheems
Indigeniteit;Herniaria hirsuta L.;Behaard breukkruid;archeofyt
Indigeniteit;Hesperis matronalis L.;Damastbloem;archeofyt of neofyt
Indigeniteit;Heuchera sanguinea Engelm.;Gewoon purperklokje;neofyt
Indigeniteit;Hieracium amplexicaule L.;Stengelomvattend havikskruid;neofyt
Indigeniteit;Hieracium aurantiacum L.;Oranje havikskruid;neofyt
Indigeniteit;Hieracium bauhinii Schult. ex Besser;Hongaars havikskruid;neofyt
Indigeniteit;Hieracium caespitosum Dum.;Weidehavikskruid;neofyt
Indigeniteit;Hieracium glaucinum Jord.;Vroeg havikskruid;neofyt
Indigeniteit;Hieracium lachenalii C.C. Gmel.;Dicht havikskruid;inheems
Indigeniteit;Hieracium lactucella Wallr.;Spits havikskruid;inheems
Indigeniteit;Hieracium laevigatum Willd.;Stijf havikskruid;inheems
Indigeniteit;Hieracium maculatum Schrank;Bochtig havikskruid;inheems
Indigeniteit;Hieracium murorum L.;Muurhavikskruid;inheems
Indigeniteit;Hieracium pilosella L.;Muizenoor;inheems
Indigeniteit;Hieracium piloselloides Vill.;Florentijns havikskruid;neofyt
Indigeniteit;Hieracium sabaudum L.;Boshavikskruid;inheems
Indigeniteit;Hieracium umbellatum L.;Schermhavikskruid;inheems
Indigeniteit;Hierochloe odorata (L.) Beauv.;Veenreukgras;inheems
Indigeniteit;Himantoglossum hircinum (L.) Spreng.;Bokkenorchis;inheems
Indigeniteit;Hippophae rhamnoides L.;Duindoorn;inheems
Indigeniteit;Hippuris vulgaris L.;Lidsteng;inheems
Indigeniteit;Hirschfeldia incana (L.) Lagrèze-Fossat;Grijze mosterd;neofyt
Indigeniteit;Holcus lanatus L.;Gestreepte witbol;inheems
Indigeniteit;Holcus mollis L.;Gladde witbol;inheems
Indigeniteit;Holosteum umbellatum L.;Heelbeen;inheems
Indigeniteit;Honckenya peploides (L.) Ehrh.;Zeepostelein;inheems
Indigeniteit;Hordeum jubatum L.;Kwispelgerst;neofyt
Indigeniteit;Hordeum marinum Huds.;Zeegerst;inheems
Indigeniteit;Hordeum murinum L.;Kruipertje;inheems
Indigeniteit;Hordeum secalinum Schreb.;Veldgerst;inheems
Indigeniteit;Hottonia palustris L.;Waterviolier;inheems
Indigeniteit;Humulus lupulus L.;Hop;inheems
Indigeniteit;Huperzia selago (L.) Bernh. ex Schrank et C.F.P. Mart.;Dennenwolfsklauw;inheems
Indigeniteit;Hyacinthoides hispanica (Mill.) Rothm.;Spaanse hyacint;neofyt
Indigeniteit;Hyacinthoides non-scripta (L.) Chouard ex Rothm.;Wilde hyacint;inheems
Indigeniteit;Hydrangea paniculata Siebold;Waterstruik;neofyt
Indigeniteit;Hydrocharis morsus-ranae L.;Kikkerbeet;inheems
Indigeniteit;Hydrocotyle ranunculoides L. f.;Grote waternavel;neofyt
Indigeniteit;Hydrocotyle vulgaris L.;Waternavel;inheems
Indigeniteit;Hyoscyamus niger L.;Bilzenkruid;archeofyt
Indigeniteit;Hypericum dubium Leers;Kantig hertshooi;inheems
Indigeniteit;Hypericum elodes L.;Moerashertshooi;inheems
Indigeniteit;Hypericum hirsutum L.;Ruig hertshooi;inheems
Indigeniteit;Hypericum humifusum L.;Liggend hertshooi;inheems
Indigeniteit;Hypericum maculatum Crantz;Gevlekt hertshooi;inheems
Indigeniteit;Hypericum montanum L.;Berghertshooi;inheems
Indigeniteit;Hypericum perforatum L.;Sint-janskruid;inheems
Indigeniteit;Hypericum pulchrum L.;Fraai hertshooi;inheems
Indigeniteit;Hypericum tetrapterum Fries;Gevleugeld hertshooi;inheems
Indigeniteit;Hypochaeris glabra L.;Glad biggenkruid;inheems
Indigeniteit;Hypochaeris radicata L.;Gewoon biggenkruid;inheems
Indigeniteit;Hyssopus officinalis L.;Hyssop;neofyt
Indigeniteit;Iberis umbellata L.;Schermscheefbloem;neofyt
Indigeniteit;Ilex aquifolium L.;Hulst;inheems
Indigeniteit;Illecebrum verticillatum L.;Grondster;inheems
Indigeniteit;Impatiens glandulifera Royle;Reuzenbalsemien;neofyt
Indigeniteit;Impatiens noli-tangere L.;Groot springzaad;inheems
Indigeniteit;Impatiens parviflora DC.;Klein springzaad;neofyt
Indigeniteit;Inula britannica L.;Engelse alant;inheems
Indigeniteit;Inula conyzae (Griesselich) Meikle;Donderkruid;inheems
Indigeniteit;Iris pseudacorus L.;Gele lis;inheems
Indigeniteit;Isoetes echinospora Durieu;Kleine biesvaren;inheems
Indigeniteit;Jasione montana L.;Zandblauwtje;inheems
Indigeniteit;Juglans regia L.;Okkernoot;archeofyt
Indigeniteit;Juncus acutiflorus Ehrh. ex Hoffmann;Veldrus;inheems
Indigeniteit;Juncus alpinoarticulatus Chaix;Alpenrus;inheems
Indigeniteit;Juncus ambiguus Guss.;Zilte greppelrus;inheems
Indigeniteit;Juncus anceps Laharpe;Duinrus;inheems
Indigeniteit;Juncus articulatus L.;Zomprus;inheems
Indigeniteit;Juncus balticus Willd.;Noordse rus;inheems
Indigeniteit;Juncus bufonius L.;Greppelrus;inheems
Indigeniteit;Juncus bulbosus L.;Knolrus;inheems
Indigeniteit;Juncus canadensis J. Gay ex Laharpe;Canadese rus;neofyt
Indigeniteit;Juncus capitatus Weigel;Koprus;inheems
Indigeniteit;Juncus compressus Jacq.;Platte rus;inheems
Indigeniteit;Juncus conglomeratus L.;Biezenknoppen;inheems
Indigeniteit;Juncus dudleyi Wiegand;Amerikaanse rus;neofyt
Indigeniteit;Juncus effusus L.;Pitrus;inheems
Indigeniteit;Juncus filiformis L.;Draadrus;inheems
Indigeniteit;Juncus foliosus Desf.;Gestreepte greppelrus;neofyt
Indigeniteit;Juncus gerardii Loisel.;Zilte rus;inheems
Indigeniteit;Juncus inflexus L.;Zeegroene rus;inheems
Indigeniteit;Juncus maritimus Lam.;Zeerus;inheems
Indigeniteit;Juncus pygmaeus L.C.M. Rich.;Dwergrus;inheems
Indigeniteit;Juncus squarrosus L.;Trekrus;inheems
Indigeniteit;Juncus subnodulosus Schrank;Paddenrus;inheems
Indigeniteit;Juncus tenageia L. f.;Wijdbloeiende rus;inheems
Indigeniteit;Juncus tenuis Willd.;Tengere rus;neofyt
Indigeniteit;Juniperus communis L.;Jeneverbes;inheems
Indigeniteit;Kickxia elatine (L.) Dum.;Spiesleeuwenbek;inheems
Indigeniteit;Kickxia spuria (L.) Dum.;Eironde leeuwenbek;archeofyt
Indigeniteit;Knautia arvensis (L.) Coulter;Beemdkroon;inheems
Indigeniteit;Koeleria albescens DC.;Duinfakkelgras;inheems
Indigeniteit;Koeleria macrantha (Ledeb.) Schult.;Smal fakkelgras;inheems
Indigeniteit;Lactuca saligna L.;Wilgsla;inheems
Indigeniteit;Lactuca serriola L.;Kompassla;inheems
Indigeniteit;Lagarosiphon major (Ridley) Moss;Verspreidbladige waterpest;neofyt
Indigeniteit;Lagurus ovatus L.;Hazenstaart;neofyt
Indigeniteit;Lamium album L.;Witte dovenetel;inheems
Indigeniteit;Lamium amplexicaule L.;Hoenderbeet;inheems
Indigeniteit;Lamium galeobdolon (L.) L.;Gele dovenetel;inheems
Indigeniteit;Lamium hybridum Vill.;Ingesneden dovenetel;inheems
Indigeniteit;Lamium maculatum L.;Gevlekte dovenetel;inheems
Indigeniteit;Lamium purpureum L.;Paarse dovenetel;inheems
Indigeniteit;Lapsana communis L.;Akkerkool;inheems
Indigeniteit;Lathraea clandestina L.;Paarse schubwortel;neofyt
Indigeniteit;Lathyrus aphaca L.;Naakte lathyrus;archeofyt
Indigeniteit;Lathyrus hirsutus L.;Ruige lathyrus;neofyt
Indigeniteit;Lathyrus japonicus Willd.;Zeelathyrus;inheems
Indigeniteit;Lathyrus latifolius L.;Brede lathyrus;neofyt
Indigeniteit;Lathyrus linifolius (Reichard) Bässler;Knollathyrus;inheems
Indigeniteit;Lathyrus nissolia L.;Graslathyrus;inheems
Indigeniteit;Lathyrus palustris L.;Moeraslathyrus;inheems
Indigeniteit;Lathyrus pratensis L.;Veldlathyrus;inheems
Indigeniteit;Lathyrus sylvestris L.;Boslathyrus;inheems
Indigeniteit;Lathyrus tuberosus L.;Aardaker;archeofyt
Indigeniteit;Lavatera thuringiaca L.;Thuringse lavatera;neofyt
Indigeniteit;Leersia oryzoides (L.) Swartz;Rijstgras;inheems
Indigeniteit;Legousia hybrida (L.) Delarbre;Klein spiegelklokje;archeofyt
Indigeniteit;Legousia speculum-veneris (L.) Chaix;Groot spiegelklokje;archeofyt
Indigeniteit;Lemna gibba L.;Bultkroos;inheems
Indigeniteit;Lemna minor L.;Klein kroos;inheems
Indigeniteit;Lemna minuta Humb., Bonpl. et Kunth;Dwergkroos;neofyt
Indigeniteit;Lemna trisulca L.;Puntkroos;inheems
Indigeniteit;Lemna turionifera Landolt;Knopkroos;neofyt
Indigeniteit;Leontodon autumnalis L.;Vertakte leeuwentand;inheems
Indigeniteit;Leontodon hispidus L.;Ruige leeuwentand;inheems
Indigeniteit;Leontodon saxatilis Lam.;Kleine leeuwentand;inheems
Indigeniteit;Leonurus cardiaca L.;Hartgespan;archeofyt
Indigeniteit;Lepidium campestre (L.) R. Brown;Veldkruidkers;inheems
Indigeniteit;Lepidium densiflorum Schrad.;Dichtbloemige kruidkers;neofyt
Indigeniteit;Lepidium heterophyllum Benth.;Rozetkruidkers;neofyt
Indigeniteit;Lepidium latifolium L.;Peperkers;neofyt
Indigeniteit;Lepidium ruderale L.;Steenkruidkers;inheems
Indigeniteit;Lepidium virginicum L.;Amerikaanse kruidkers;neofyt
Indigeniteit;Leucanthemum ircutianum (Turcz.) Turcz. ex DC.;;neofyt
Indigeniteit;Leucanthemum vulgare Lam.;Margriet;inheems
Indigeniteit;Leucanthemum x superbum (Ingram) Kent;Reuzenmargriet;neofyt
Indigeniteit;Leucojum aestivum L.;Zomerklokje;inheems
Indigeniteit;Leucojum vernum L.;Lenteklokje;neofyt
Indigeniteit;Leymus arenarius (L.) Hochst.;Zandhaver;inheems
Indigeniteit;Ligustrum ovalifolium Hassk.;Haagliguster;neofyt
Indigeniteit;Ligustrum vulgare L.;Wilde liguster;inheems
Indigeniteit;Lilium bulbiferum L.;Roggelelie;neofyt
Indigeniteit;Limonium vulgare Mill.;Lamsoor;inheems
Indigeniteit;Limosella aquatica L.;Slijkgroen;inheems
Indigeniteit;Linaria arvensis (L.) Desf.;Blauwe leeuwenbek;neofyt
Indigeniteit;Linaria repens (L.) Mill.;Gestreepte leeuwenbek;neofyt
Indigeniteit;Linaria supina (L.) Chazelles;Liggende leeuwenbek;neofyt
Indigeniteit;Linaria vulgaris Mill.;Vlasbekje;inheems
Indigeniteit;Lindernia dubia (L.) Pennell;Schijngenadekruid;neofyt
Indigeniteit;Linum catharticum L.;Geelhartje;inheems
Indigeniteit;Linum grandiflorum Desf.;;neofyt
Indigeniteit;Linum usitatissimum L.;Vlas;archeofyt
Indigeniteit;Liparis loeselii (L.) L.C.M. Rich.;Groenknolorchis;inheems
Indigeniteit;Listera ovata (L.) R. Brown;Grote keverorchis;inheems
Indigeniteit;Lithospermum arvense L.;Ruw parelzaad;inheems
Indigeniteit;Lithospermum officinale L.;Glad parelzaad;inheems
Indigeniteit;Littorella uniflora (L.) Aschers.;Oeverkruid;inheems
Indigeniteit;Lobelia dortmanna L.;Waterlobelia;inheems
Indigeniteit;Lolium multiflorum Lam.;Italiaans raaigras;neofyt
Indigeniteit;Lolium perenne L.;Engels raaigras;inheems
Indigeniteit;Lolium remotum Schrank;Vlasdolik;neofyt
Indigeniteit;Lolium temulentum L.;Dolik;archeofyt
Indigeniteit;Lonicera involucrata (Richardson) Banks ex Spreng.;;neofyt
Indigeniteit;Lonicera nitida Wils.;;neofyt
Indigeniteit;Lonicera periclymenum L.;Wilde kamperfoelie;inheems
Indigeniteit;Lonicera xylosteum L.;Rode kamperfoelie;inheems
Indigeniteit;Lotus corniculatus L.;Gewone en smalle rolklaver;inheems
Indigeniteit;Lotus corniculatus L. subsp. corniculatus;Gewone rolklaver;inheems
Indigeniteit;Lotus corniculatus L. subsp. tenuis (Waldst. et Kit. ex Willd.) Berher;Smalle rolklaver;inheems
Indigeniteit;Lotus pedunculatus Cav.;Moerasrolklaver;inheems
Indigeniteit;Lotus sativus (Hyl.) Büscher & G.H. Loos;Rechte rolklaver;neofyt
Indigeniteit;Ludwigia grandiflora (Michaux) Greuter et Burdet;Waterteunisbloem;neofyt
Indigeniteit;Ludwigia palustris (L.) S. Elliott;Waterlepeltje;inheems
Indigeniteit;Lunaria annua L.;Tuinjudaspenning;neofyt
Indigeniteit;Lupinus polyphyllus Lindl.;Vaste lupine;neofyt
Indigeniteit;Luronium natans (L.) Rafin.;Drijvende waterweegbree;inheems
Indigeniteit;Luzula campestris (L.) DC.;Gewone veldbies;inheems
Indigeniteit;Luzula forsteri (Smith) DC.;Franse veldbies;neofyt
Indigeniteit;Luzula luzuloides (Lam.) Dandy et Wilmott;Witte veldbies;inheems
Indigeniteit;Luzula multiflora (Ehrh.) Lej.;Veelbloemige veldbies;inheems
Indigeniteit;Luzula pilosa (L.) Willd.;Ruige veldbies;inheems
Indigeniteit;Luzula sylvatica (Huds.) Gaudin;Grote veldbies;inheems
Indigeniteit;Lychnis flos-cuculi L.;Echte koekoeksbloem;inheems
Indigeniteit;Lycium barbarum L.;Boksdoorn;neofyt
Indigeniteit;Lycopodiella inundata (L.) Holub;Moeraswolfsklauw;inheems
Indigeniteit;Lycopodium annotinum L.;Stekende wolfsklauw;inheems
Indigeniteit;Lycopodium clavatum L.;Grote wolfsklauw;inheems
Indigeniteit;Lycopus europaeus L.;Wolfspoot;inheems
Indigeniteit;Lysimachia nemorum L.;Boswederik;inheems
Indigeniteit;Lysimachia nummularia L.;Penningkruid;inheems
Indigeniteit;Lysimachia thyrsiflora L.;Moeraswederik;inheems
Indigeniteit;Lysimachia vulgaris L.;Grote wederik;inheems
Indigeniteit;Lythrum portula (L.) D.A. Webb;Waterpostelein;inheems
Indigeniteit;Lythrum salicaria L.;Grote kattenstaart;inheems
Indigeniteit;Mahonia aquifolium (Pursh) Nutt.;Mahonia;neofyt
Indigeniteit;Maianthemum bifolium (L.) F.W. Schmidt;Dalkruid;inheems
Indigeniteit;Malcolmia flexuosa (Sm.) Sm.;Zeeviolier;neofyt
Indigeniteit;Malus sylvestris (L.) Mill.;Wilde appel en eetappel;inheems
Indigeniteit;Malva alcea L.;Vijfdelig kaasjeskruid;archeofyt
Indigeniteit;Malva moschata L.;Muskuskaasjeskruid;inheems
Indigeniteit;Malva neglecta Wallr.;Klein kaasjeskruid;inheems
Indigeniteit;Malva sylvestris L.;Groot kaasjeskruid;inheems
Indigeniteit;Marrubium vulgare L.;Malrove;archeofyt
Indigeniteit;Matricaria discoidea DC.;Schijfkamille;neofyt
Indigeniteit;Matricaria maritima L.;Reukeloze kamille;inheems
Indigeniteit;Matricaria recutita L.;Echte kamille;archeofyt
Indigeniteit;Matteuccia struthiopteris (L.) Tod.;Struisvaren;neofyt
Indigeniteit;Medicago arabica (L.) Huds.;Gevlekte rupsklaver;inheems
Indigeniteit;Medicago falcata L.;Sikkelklaver;inheems
Indigeniteit;Medicago lupulina L.;Hopklaver;inheems
Indigeniteit;Medicago minima (L.) L.;Kleine rupsklaver;inheems
Indigeniteit;Medicago sativa L.;Luzerne;neofyt
Indigeniteit;Melampyrum pratense L.;Hengel;inheems
Indigeniteit;Melica uniflora Retz.;Eenbloemig parelgras;inheems
Indigeniteit;Melilotus albus Med.;Witte honingklaver;archeofyt
Indigeniteit;Melilotus altissimus Thuill.;Goudgele honingklaver;inheems
Indigeniteit;Melilotus officinalis Lam.;Citroengele honingklaver;archeofyt
Indigeniteit;Mentha aquatica L.;Watermunt;inheems
Indigeniteit;Mentha arvensis L.;Akkermunt;inheems
Indigeniteit;Mentha longifolia L.;Hertsmunt;archeofyt of neofyt
Indigeniteit;Mentha pulegium L.;Polei;inheems
Indigeniteit;Mentha spicata L.;Groene munt (+ aarmunt);archeofyt of neofyt
Indigeniteit;Mentha suaveolens Ehrh. (+ hybriden);Witte munt + hybriden;inheems
Indigeniteit;Menyanthes trifoliata L.;Waterdrieblad;inheems
Indigeniteit;Mercurialis annua L.;Tuinbingelkruid;inheems
Indigeniteit;Mercurialis perennis L.;Bosbingelkruid;inheems
Indigeniteit;Mespilus germanica L.;Mispel;archeofyt
Indigeniteit;Mibora minima (L.) Desv.;Dwerggras;inheems
Indigeniteit;Milium effusum L.;Bosgierstgras;inheems
Indigeniteit;Mimulus guttatus DC.;Gele maskerbloem;neofyt
Indigeniteit;Minuartia hybrida (Vill.) Schischkin;Tengere veldmuur;inheems
Indigeniteit;Misopates orontium (L.) Rafin.;Akkerleeuwenbek;inheems
Indigeniteit;Moehringia trinervia (L.) Clairv.;Drienerfmuur;inheems
Indigeniteit;Moenchia erecta (L.) P. Gaertn., B. Mey. et Scherb.;Kruismuur;inheems
Indigeniteit;Molinia caerulea (L.) Moench;Pijpenstrootje;inheems
Indigeniteit;Monotropa hypopitys L.;Stofzaad;inheems
Indigeniteit;Montia fontana L.;Groot bronkruid;inheems
Indigeniteit;Montia minor C.C. Gmel.;Klein bronkruid;inheems
Indigeniteit;Muscari botryoides (L.) Mill.;Blauwe druifjes;neofyt
Indigeniteit;Muscari comosum (L.) Mill.;Kuifhyacint;neofyt
Indigeniteit;Mycelis muralis (L.) Dum.;Muursla;inheems
Indigeniteit;Myosotis arvensis (L.) Hill;Akkervergeet-mij-nietje;inheems
Indigeniteit;Myosotis cespitosa C.F. Schultz;Zompvergeet-mij-nietje;inheems
Indigeniteit;Myosotis discolor Pers.;Veelkleurig vergeet-mij-nietje;inheems
Indigeniteit;Myosotis ramosissima Rochel ex Schult.;Ruw vergeet-mij-nietje;inheems
Indigeniteit;Myosotis scorpioides L.;Moerasvergeet-mij-nietje;inheems
Indigeniteit;Myosotis stricta Link ex Roem. et Schult.;Stijf vergeet-mij-nietje;inheems
Indigeniteit;Myosotis sylvatica Ehrh. ex Hoffmann;Bosvergeet-mij-nietje;inheems
Indigeniteit;Myosoton aquaticum (L.) Moench;Watermuur;inheems
Indigeniteit;Myosurus minimus L.;Muizenstaart;inheems
Indigeniteit;Myrica gale L.;Wilde gagel;inheems
Indigeniteit;Myriophyllum alterniflorum DC.;Teer vederkruid;inheems
Indigeniteit;Myriophyllum aquaticum (Velloso) Verdc.;Parelvederkruid;neofyt
Indigeniteit;Myriophyllum spicatum L.;Aarvederkruid;inheems
Indigeniteit;Myriophyllum verticillatum L.;Kransvederkruid;inheems
Indigeniteit;Myrrhis odorata (L.) Scop.;Roomse kervel;neofyt
Indigeniteit;Najas marina L.;Groot nimfkruid;inheems
Indigeniteit;Najas minor All.;Klein nimfkruid;inheems
Indigeniteit;Narcissus × cyclazetta Chater & Stace;;neofyt
Indigeniteit;Narcissus pseudonarcissus L.;Wilde narcis;inheems
Indigeniteit;Nardus stricta L.;Borstelgras;inheems
Indigeniteit;Narthecium ossifragum (L.) Huds.;Beenbreek;inheems
Indigeniteit;Nassella tenuissima (Trin.) Barkworth;Fijn vedergras;neofyt
Indigeniteit;Nasturtium microphyllum (Boenningh.) Reichenb.;Slanke waterkers;inheems
Indigeniteit;Nasturtium officinale R. Brown;Witte waterkers;inheems
Indigeniteit;Neottia nidus-avis (L.) L.C.M. Rich.;Vogelnestje;inheems
Indigeniteit;Nepeta cataria L.;Wild kattenkruid;archeofyt
Indigeniteit;Nuphar lutea (L.) Smith;Gele plomp;inheems
Indigeniteit;Nymphaea alba L.;Witte waterlelie;inheems
Indigeniteit;Nymphoides peltata (S.G. Gmel.) O. Kuntze;Watergentiaan;inheems
Indigeniteit;Odontites vernus (Bellardi) Dum.;Rode ogentroost;inheems
Indigeniteit;Oenanthe aquatica (L.) Poiret;Watertorkruid;inheems
Indigeniteit;Oenanthe crocata L.;Dodemansvingers;inheems
Indigeniteit;Oenanthe fistulosa L.;Pijptorkruid;inheems
Indigeniteit;Oenanthe lachenalii C.C. Gmel.;Zilt torkruid;inheems
Indigeniteit;Oenanthe pimpinelloides L.;Beverneltorkruid;inheems
Indigeniteit;Oenanthe silaifolia Bieb.;Weidekervel-torkruid;inheems
Indigeniteit;Oenothera biennis L.;Middelste teunisbloem;neofyt
Indigeniteit;Oenothera deflexa R.R. Gates;Zandteunisbloem;neofyt
Indigeniteit;Oenothera glazioviana Micheli;Grote teunisbloem;neofyt
Indigeniteit;Onobrychis viciifolia Scop.;Esparcette;neofyt
Indigeniteit;Ononis repens L.;Kruipend stalkruid;inheems
Indigeniteit;Ononis spinosa L.;Kattendoorn;inheems
Indigeniteit;Onopordum acanthium L.;Wegdistel;inheems
Indigeniteit;Ophioglossum azoricum C. Presl;Azorenaddertong;inheems
Indigeniteit;Ophioglossum vulgatum L.;Addertong;inheems
Indigeniteit;Ophrys apifera Huds.;Bijenorchis;inheems
Indigeniteit;Ophrys fuciflora (F.W. Schmidt) Moench;Hommelorchis;inheems
Indigeniteit;Ophrys insectifera L.;Vliegenorchis;inheems
Indigeniteit;Ophrys sphegodes Mill.;Spinnenorchis;inheems
Indigeniteit;Orchis coriophora L.;Wantsenorchis;inheems
Indigeniteit;Orchis mascula (L.) L.;Mannetjesorchis;inheems
Indigeniteit;Orchis militaris L.;Soldaatje;inheems
Indigeniteit;Orchis morio L.;Harlekijn;inheems
Indigeniteit;Orchis palustris Jacq.;Moerasorchis;inheems
Indigeniteit;Orchis purpurea Huds.;Purperorchis;inheems
Indigeniteit;Orchis simia Lam.;Aapjesorchis;inheems
Indigeniteit;Orchis ustulata L.;Aangebrande orchis;inheems
Indigeniteit;Oreopteris limbosperma (Bellardi ex All.) Holub;Stippelvaren;inheems
Indigeniteit;Origanum vulgare L.;Wilde marjolein;inheems
Indigeniteit;Ornithogalum pyrenaicum L.;Bosvogelmelk;neofyt
Indigeniteit;Ornithogalum umbellatum L.;Gewone vogelmelk;inheems
Indigeniteit;Ornithopus perpusillus L.;Klein vogelpootje;inheems
Indigeniteit;Orobanche caryophyllacea Smith;Walstrobremraap;inheems
Indigeniteit;Orobanche hederae Vaucher ex Duby;Klimopbremraap;inheems
Indigeniteit;Orobanche minor Smith;Klavervreter;inheems
Indigeniteit;Orobanche purpurea Jacq.;Blauwe bremraap;inheems
Indigeniteit;Orobanche ramosa L.;Hennepvreter;archeofyt
Indigeniteit;Orobanche rapum-genistae Thuill.;Grote bremraap;inheems
Indigeniteit;Osmunda regalis L.;Koningsvaren;inheems
Indigeniteit;Oxalis acetosella L.;Witte klaverzuring;inheems
Indigeniteit;Oxalis corniculata L.;Gehoornde klaverzuring;neofyt
Indigeniteit;Oxalis fontana Bunge;Stijve klaverzuring;neofyt
Indigeniteit;Panicum capillare L.;Draadgierst;neofyt
Indigeniteit;Panicum dichotomiflorum Michaux;Kale gierst;neofyt
Indigeniteit;Panicum schinzii Hack.;Zuid-Afrikaanse gierst;neofyt
Indigeniteit;Papaver argemone L.;Ruige klaproos;archeofyt
Indigeniteit;Papaver dubium L.;Bleke klaproos;archeofyt
Indigeniteit;Papaver dubium L. subsp. dubium;;inheems
Indigeniteit;Papaver pseudo-orientale (Fedde) Medw.;;neofyt
Indigeniteit;Papaver rhoeas L.;Grote klaproos;archeofyt
Indigeniteit;Papaver somniferum L.;Slaapbol;neofyt
Indigeniteit;Parapholis strigosa (Dum.) C.E. Hubbard;Dunstaart;inheems
Indigeniteit;Parentucellia latifolia Caruel;;neofyt
Indigeniteit;Parentucellia viscosa (L.) Caruel;Kleverige ogentroost;neofyt
Indigeniteit;Parietaria judaica L.;Klein glaskruid;inheems
Indigeniteit;Parietaria officinalis L.;Groot glaskruid;inheems
Indigeniteit;Paris quadrifolia L.;Eenbes;inheems
Indigeniteit;Parnassia palustris L.;Parnassia;inheems
Indigeniteit;Parthenocissus inserta (A. Kerner) Fritsch;Valse wingerd;neofyt
Indigeniteit;Pastinaca sativa L.;Pastinaak;inheems
Indigeniteit;Pedicularis palustris L.;Moeraskartelblad;inheems
Indigeniteit;Pedicularis sylvatica L.;Heidekartelblad;inheems
Indigeniteit;Pentaglottis sempervirens (L.) Tausch ex L.H. Bailey;Overblijvende ossentong;neofyt
Indigeniteit;Petasites hybridus (L.) P. Gaertn., B. Mey. et Scherb.;Groot hoefblad;inheems
Indigeniteit;Petrorhagia prolifera (L.) P.W. Ball et Heywood;Slanke mantelanjer;inheems
Indigeniteit;Petroselinum segetum (L.) Koch;Wilde peterselie;inheems
Indigeniteit;Peucedanum carvifolia Vill.;Karwijvarkenskervel;inheems
Indigeniteit;Peucedanum palustre (L.) Moench;Melkeppe;inheems
Indigeniteit;Phalaris arundinacea L.;Rietgras;inheems
Indigeniteit;Phegopteris connectilis (Michaux) Watt;Smalle beukvaren;inheems
Indigeniteit;Phleum arenarium L.;Zanddoddengras;inheems
Indigeniteit;Phleum bertolonii DC.;Klein timoteegras;inheems
Indigeniteit;Phleum pratense L.;Gewoon timoteegras;inheems
Indigeniteit;Phragmites australis (Cav.) Steud.;Riet;inheems
Indigeniteit;Phyla nodiflora (L.) Greene;;neofyt
Indigeniteit;Phyteuma nigrum F.W. Schmidt;Zwartblauwe rapunzel;inheems
Indigeniteit;Phyteuma spicatum L.;Witte rapunzel;inheems
Indigeniteit;Phytolacca americana L.;Westerse karmozijnbes;neofyt
Indigeniteit;Phytolacca esculenta Van Houtte;Oosterse karmozijnbes;neofyt
Indigeniteit;Picris echioides L.;Dubbelkelk;inheems
Indigeniteit;Picris hieracioides L.;Echt bitterkruid;inheems
Indigeniteit;Pilularia globulifera L.;Pilvaren;inheems
Indigeniteit;Pimpinella major (L.) Huds.;Grote bevernel;inheems
Indigeniteit;Pimpinella saxifraga L.;Kleine bevernel;inheems
Indigeniteit;Pinguicula vulgaris L.;Vetblad;inheems
Indigeniteit;Pinus sylvestris L.;Grove den;inheems
Indigeniteit;Plantago arenaria Waldst. et Kit.;Zandweegbree;neofyt
Indigeniteit;Plantago coronopus L.;Hertshoornweegbree;inheems
Indigeniteit;Plantago lanceolata L.;Smalle weegbree;inheems
Indigeniteit;Plantago major L.;Grote weegbree;inheems
Indigeniteit;Plantago maritima L.;Zeeweegbree;inheems
Indigeniteit;Plantago media L.;Ruige weegbree;inheems
Indigeniteit;Platanthera bifolia (L.) L.C.M. Rich.;Welriekende nachtorchis;inheems
Indigeniteit;Platanthera chlorantha (Cust.) Reichenb.;Bergnachtorchis;inheems
Indigeniteit;Poa annua L.;Straatgras;inheems
Indigeniteit;Poa bulbosa L.;Knolbeemdgras;inheems
Indigeniteit;Poa chaixii Vill.;Bergbeemdgras;inheems
Indigeniteit;Poa compressa L.;Plat beemdgras;inheems
Indigeniteit;Poa nemoralis L.;Schaduwgras;inheems
Indigeniteit;Poa palustris L.;Moerasbeemdgras;inheems
Indigeniteit;Poa pratensis L.;Veldbeemdgras;inheems
Indigeniteit;Poa pratensis L. subsp. pratensis;;inheems
Indigeniteit;Poa trivialis L.;Ruw beemdgras;inheems
Indigeniteit;Polycarpon tetraphyllum (L.) L.;Kransmuur;neofyt
Indigeniteit;Polygala comosa Schkuhr;Kuifvleugeltjesbloem;inheems
Indigeniteit;Polygala serpyllifolia Hose;Liggende vleugeltjesbloem;inheems
Indigeniteit;Polygala vulgaris L.;Gewone vleugeltjesbloem;inheems
Indigeniteit;Polygonatum multiflorum (L.) All.;Gewone salomonszegel;inheems
Indigeniteit;Polygonatum odoratum (Mill.) Druce;Welriekende salomonszegel;inheems
Indigeniteit;Polygonum amphibium L.;Veenwortel;inheems
Indigeniteit;Polygonum aviculare L.;Varkensgras;inheems
Indigeniteit;Polygonum bistorta L.;Adderwortel;inheems
Indigeniteit;Polygonum capitatum Ham. ex D. Don;;neofyt
Indigeniteit;Polygonum hydropiper L.;Waterpeper;inheems
Indigeniteit;Polygonum lapathifolium L.;Beklierde duizendknoop;inheems
Indigeniteit;Polygonum minus Huds.;Kleine duizendknoop;inheems
Indigeniteit;Polygonum mite Schrank;Zachte duizendknoop;inheems
Indigeniteit;Polygonum oxyspermum C.A.Mey. & Bunge;Zandvarkensgras;inheems
Indigeniteit;Polygonum persicaria L.;Perzikkruid;inheems
Indigeniteit;Polygonum polystachyum Wall. ex Meissner;Afghaanse duizendknoop;neofyt
Indigeniteit;Polypodium interjectum Shivas;Brede eikvaren;inheems
Indigeniteit;Polypodium vulgare L.;Gewone eikvaren;inheems
Indigeniteit;Polypodium vulgare s.l.;Eikvaren;inheems
Indigeniteit;Polypogon monspeliensis (L.) Desf.;Baardgras;neofyt
Indigeniteit;Polystichum aculeatum (L.) Roth;Stijve naaldvaren;inheems
Indigeniteit;Polystichum setiferum (Forssk.) Woynar;Zachte naaldvaren;inheems
Indigeniteit;Populus alba L. (+ Populus x canescens (Ait.) Smith);Witte en grauwe abeel;neofyt
Indigeniteit;Populus nigra L. var. nigra;Zwarte populier var. nigra;inheems
Indigeniteit;Populus tremula L.;Ratelpopulier;inheems
Indigeniteit;Populus x canadensis Moench;Canadapopulier;neofyt
Indigeniteit;Portulaca oleracea L.;Postelein;neofyt
Indigeniteit;Potamogeton acutifolius Link;Spits fonteinkruid;inheems
Indigeniteit;Potamogeton alpinus Balb.;Rossig fonteinkruid;inheems
Indigeniteit;Potamogeton berchtoldii Fieb.;Klein fonteinkruid;inheems
Indigeniteit;Potamogeton coloratus Hornem.;Weegbreefonteinkruid;inheems
Indigeniteit;Potamogeton compressus L.;Plat fonteinkruid;inheems
Indigeniteit;Potamogeton crispus L.;Gekroesd fonteinkruid;inheems
Indigeniteit;Potamogeton friesii Rupr.;Puntig fonteinkruid;inheems
Indigeniteit;Potamogeton gramineus L.;Ongelijkbladig fonteinkruid;inheems
Indigeniteit;Potamogeton lucens L.;Glanzig fonteinkruid;inheems
Indigeniteit;Potamogeton natans L.;Drijvend fonteinkruid;inheems
Indigeniteit;Potamogeton nodosus Poiret;Rivierfonteinkruid;inheems
Indigeniteit;Potamogeton obtusifolius Mert. et Koch;Stomp fonteinkruid;inheems
Indigeniteit;Potamogeton pectinatus L.;Schedefonteinkruid;inheems
Indigeniteit;Potamogeton perfoliatus L.;Doorgroeid fonteinkruid;inheems
Indigeniteit;Potamogeton polygonifolius Pourr.;Duizendknoopfonteinkruid;inheems
Indigeniteit;Potamogeton praelongus Wulfen;Langstengelig fonteinkruid;inheems
Indigeniteit;Potamogeton pusillus L.;Tenger fonteinkruid;inheems
Indigeniteit;Potamogeton trichoides Cham. et Schlecht.;Haarfonteinkruid;inheems
Indigeniteit;Potamogeton zizii Koch ex Rothb;Gegolfd fonteinkruid;inheems
Indigeniteit;Potentilla anglica Laichard.;Kruipganzerik;inheems
Indigeniteit;Potentilla anserina L.;Zilverschoon;inheems
Indigeniteit;Potentilla argentea L.;Viltganzerik;inheems
Indigeniteit;Potentilla erecta (L.) Räuschel;Tormentil;inheems
Indigeniteit;Potentilla fruticosa L.;Struikganzerik;neofyt
Indigeniteit;Potentilla intermedia L.;Middelste ganzerik;neofyt
Indigeniteit;Potentilla neumanniana Reichenb.;Voorjaarsganzerik;inheems
Indigeniteit;Potentilla norvegica L.;Noorse ganzerik;neofyt
Indigeniteit;Potentilla recta L.;Rechte ganzerik;neofyt
Indigeniteit;Potentilla reptans L.;Vijfvingerkruid;inheems
Indigeniteit;Potentilla rivalis Nutt. ex Torr. et A. Gray;Oeverganzerik;neofyt
Indigeniteit;Potentilla sterilis (L.) Garcke;Aardbeiganzerik;inheems
Indigeniteit;Potentilla supina L.;Liggende ganzerik;inheems
Indigeniteit;Primula elatior (L.) Hill;Slanke sleutelbloem;inheems
Indigeniteit;Primula veris L.;Gulden sleutelbloem;inheems
Indigeniteit;Primula vulgaris Huds.;Stengelloze sleutelbloem;inheems
Indigeniteit;Prunella vulgaris L.;Gewone brunel;inheems
Indigeniteit;Prunus avium (L.) L.;Zoete kers;inheems
Indigeniteit;Prunus cerasifera Ehrh.;Kerspruim;neofyt
Indigeniteit;Prunus laurocerasus L.;Laurierkers;neofyt
Indigeniteit;Prunus padus L.;Vogelkers;inheems
Indigeniteit;Prunus serotina Ehrh.;Amerikaanse vogelkers;neofyt
Indigeniteit;Prunus spinosa L.;Sleedoorn;inheems
Indigeniteit;Pseudofumaria alba (Mill.) Lidén;Geelwitte helmbloem;neofyt
Indigeniteit;Pseudofumaria lutea (L.) Borkh.;Gele helmbloem;neofyt
Indigeniteit;Ptelea trifoliata L.;Hopboom;neofyt
Indigeniteit;Pteridium aquilinum (L.) Kuhn;Adelaarsvaren;inheems
Indigeniteit;Pterostyrax hispidus Siebold & Zucc.;;neofyt
Indigeniteit;Puccinellia capillaris (Liljebl.) Jansen;Bleek kweldergras;inheems
Indigeniteit;Puccinellia distans (L.) Parl.;Stomp kweldergras;inheems
Indigeniteit;Puccinellia fasciculata (Torr.) E.P. Bicknell;Blauw kweldergras;inheems
Indigeniteit;Puccinellia maritima (Huds.) Parl.;Gewoon kweldergras;inheems
Indigeniteit;Pulicaria dysenterica (L.) Bernh.;Heelblaadjes;inheems
Indigeniteit;Pulicaria vulgaris Gaertn.;Klein vlooienkruid;inheems
Indigeniteit;Pulmonaria officinalis L.;Gevlekt longkruid;neofyt
Indigeniteit;Pyracantha coccinea Roem.;Vuurdoorn;neofyt
Indigeniteit;Pyrola minor L.;Klein wintergroen;inheems
Indigeniteit;Pyrola rotundifolia L.;Rond wintergroen;inheems
Indigeniteit;Pyrus communis L.;Gekweekte peer;archeofyt of neofyt
Indigeniteit;Pyrus pyraster (L.) Duroi;Wilde peer;inheems
Indigeniteit;Quercus petraea Lieblein;Wintereik;inheems
Indigeniteit;Quercus robur L.;Zomereik;inheems
Indigeniteit;Quercus rubra L.;Amerikaanse eik;neofyt
Indigeniteit;Radiola linoides Roth;Dwergvlas;inheems
Indigeniteit;Ranunculus acris L.;Scherpe boterbloem;inheems
Indigeniteit;Ranunculus aquatilis L.;Middelste waterranonkel;inheems
Indigeniteit;Ranunculus arvensis L.;Akkerboterbloem;archeofyt
Indigeniteit;Ranunculus auricomus L.;Gulden boterbloem;inheems
Indigeniteit;Ranunculus baudotii Godr.;Zilte waterranonkel;inheems
Indigeniteit;Ranunculus bulbosus L.;Knolboterbloem;inheems
Indigeniteit;Ranunculus circinatus Sibth.;Stijve waterranonkel;inheems
Indigeniteit;Ranunculus ficaria L.;Speenkruid;inheems
Indigeniteit;Ranunculus flammula L.;Egelboterbloem;inheems
Indigeniteit;Ranunculus fluitans Lam.;Vlottende waterranonkel;inheems
Indigeniteit;Ranunculus hederaceus L.;Klimopwaterranonkel;inheems
Indigeniteit;Ranunculus lingua L.;Grote boterbloem;inheems
Indigeniteit;Ranunculus ololeucos Lloyd;Witte waterranonkel;inheems
Indigeniteit;Ranunculus peltatus Schrank;Grote waterranonkel;inheems
Indigeniteit;Ranunculus penicillatus (Dum.) Bab.;Penseelbladige waterranonkel;inheems
Indigeniteit;Ranunculus repens L.;Kruipende boterbloem;inheems
Indigeniteit;Ranunculus sardous Crantz;Behaarde boterbloem;inheems
Indigeniteit;Ranunculus sceleratus L.;Blaartrekkende boterbloem;inheems
Indigeniteit;Ranunculus serpens Schrank;Bosboterbloem en kalkboterbloem;inheems
Indigeniteit;Ranunculus trichophyllus Chaix;Kleine waterranonkel;inheems
Indigeniteit;Ranunculus tripartitus DC.;Driedelige waterranonkel;inheems
Indigeniteit;Raphanus raphanistrum L.;Knopherik;archeofyt
Indigeniteit;Rapistrum rugosum (L.) All.;Bolletjesraket;neofyt
Indigeniteit;Reseda lutea L.;Wilde reseda;archeofyt
Indigeniteit;Reseda luteola L.;Wouw;archeofyt
Indigeniteit;Rhamnus cathartica L.;Wegedoorn;inheems
Indigeniteit;Rhinanthus alectorolophus (Scop.) Pollich;Harige ratelaar;archeofyt
Indigeniteit;Rhinanthus angustifolius C.C. Gmel.;Grote ratelaar;archeofyt
Indigeniteit;Rhinanthus minor L.;Kleine ratelaar;archeofyt
Indigeniteit;Rhododendron ponticum L.;Pontische rododendron;neofyt
Indigeniteit;Rhynchospora alba (L.) Vahl;Witte snavelbies;inheems
Indigeniteit;Rhynchospora fusca (L.) Ait. f.;Bruine snavelbies;inheems
Indigeniteit;Ribes alpinum L.;Alpenbes;neofyt
Indigeniteit;Ribes nigrum L.;Zwarte bes;inheems
Indigeniteit;Ribes odoratum H.L. Wendl.;Gele ribes;neofyt
Indigeniteit;Ribes rubrum L.;Aalbes;inheems
Indigeniteit;Ribes sanguineum Pursh;Rode ribes;neofyt
Indigeniteit;Ribes uva-crispa L.;Kruisbes;inheems
Indigeniteit;Robinia pseudoacacia L.;Robinia;neofyt
Indigeniteit;Rorippa amphibia (L.) Besser;Gele waterkers;inheems
Indigeniteit;Rorippa austriaca (Crantz) Besser;Oostenrijkse kers;neofyt
Indigeniteit;Rorippa palustris (L.) Besser;Moeraskers;inheems
Indigeniteit;Rorippa sylvestris (L.) Besser;Akkerkers;inheems
Indigeniteit;Rosa agrestis Savi;Kraagroos;inheems
Indigeniteit;Rosa arvensis Huds.;Bosroos;inheems
Indigeniteit;Rosa caesia Smith;Behaarde struweelroos;inheems
Indigeniteit;Rosa canina L.;Hondsroos;inheems
Indigeniteit;Rosa columnifera (Schwertschlager) Henker et G. Schulze comb.nov.;Schijnegelantier;inheems
Indigeniteit;Rosa corymbifera Borkh.;;inheems
Indigeniteit;Rosa deseglisei Boreau;;inheems
Indigeniteit;Rosa dumalis Bechst.;Kale struweelroos;inheems
Indigeniteit;Rosa micrantha Borrer ex Smith;Kleinbloemige roos;inheems
Indigeniteit;Rosa multiflora Thunb. ex Murray;Veelbloemige roos;neofyt
Indigeniteit;Rosa pimpinellifolia L.;Duinroos;inheems
Indigeniteit;Rosa pseudoscabriuscula (R. Keller) Henker et G. Schulze;Ruwe viltroos;inheems
Indigeniteit;Rosa rubiginosa L.;Egelantier;inheems
Indigeniteit;Rosa rugosa Thunb.;Rimpelroos;neofyt
Indigeniteit;Rosa stylosa Desv.;Stijlroos;inheems
Indigeniteit;Rosa tomentella Léman;Beklierde heggenroos;inheems
Indigeniteit;Rosa tomentosa Smith;Viltroos;inheems
Indigeniteit;Rosa villosa L.;Bottelroos;neofyt
Indigeniteit;Rosa x subcanina (H. Christ) R. Keller;Schijnhondsroos;inheems
Indigeniteit;Rosmarinus officinalis L.;Rozemarijn;neofyt
Indigeniteit;Rubus caesius L.;Dauwbraam;inheems
Indigeniteit;Rubus fruticosus groep;Gewone braam (Rubus fruticosus groep);inheems
Indigeniteit;Rubus gratus Focke;;inheems
Indigeniteit;Rubus idaeus L.;Framboos;inheems
Indigeniteit;Rubus laciniatus Willd.;Peterseliebraam;neofyt
Indigeniteit;Rubus spectabilis Pursh;Prachtframboos;neofyt
Indigeniteit;Rudbeckia laciniata L.;Slipbladige rudbeckia;neofyt
Indigeniteit;Rumex acetosa L.;Veldzuring;inheems
Indigeniteit;Rumex acetosella L.;Schapenzuring;inheems
Indigeniteit;Rumex conglomeratus Murray;Kluwenzuring;inheems
Indigeniteit;Rumex crispus L.;Krulzuring;inheems
Indigeniteit;Rumex hydrolapathum Huds.;Waterzuring;inheems
Indigeniteit;Rumex maritimus L.;Goudzuring;inheems
Indigeniteit;Rumex obtusifolius L.;Ridderzuring;inheems
Indigeniteit;Rumex palustris Smith;Moeraszuring;inheems
Indigeniteit;Rumex patientia L.;Spinaziezuring;neofyt
Indigeniteit;Rumex sanguineus L.;Bloedzuring;inheems
Indigeniteit;Rumex scutatus L.;Spaanse zuring;neofyt
Indigeniteit;Rumex thyrsiflorus Fingerh.;Geoorde zuring;neofyt
Indigeniteit;Ruppia cirrhosa (Petagna) Grande;Spiraalruppia;inheems
Indigeniteit;Ruppia maritima L.;Snavelruppia;inheems
Indigeniteit;Ruscus aculeatus L.;Stekelige muizendoorn;archeofyt of neofyt
Indigeniteit;Ruta graveolens L.;Wijnruit;archeofyt of neofyt
Indigeniteit;Sagina apetala Ard.;Tengere vetmuur;archeofyt
Indigeniteit;Sagina apetala Ard. subsp. apetala;Tengere vetmuur (subsp. apetala);archeofyt
Indigeniteit;Sagina apetala Ard. subsp. erecta (Hornem.) F. Hermann;Tengere vetmuur (subsp. erecta);archeofyt
Indigeniteit;Sagina maritima G. Don;Zeevetmuur;inheems
Indigeniteit;Sagina nodosa (L.) Fenzl;Sierlijke vetmuur;inheems
Indigeniteit;Sagina procumbens L.;Liggende vetmuur;inheems
Indigeniteit;Sagittaria sagittifolia L.;Pijlkruid;inheems
Indigeniteit;Salicornia europaea groep;Kortarige en langarige zeekraal;inheems
Indigeniteit;Salicornia europaea L.;Kortarige zeekraal;inheems
Indigeniteit;Salicornia procumbens Smith;Langarige zeekraal;inheems
Indigeniteit;Salicornia pusilla J. Woods;Eenbloemige zeekraal;inheems
Indigeniteit;Salix alba L.;Schietwilg;inheems
Indigeniteit;Salix atrocinerea Brot.;Rossige wilg;inheems
Indigeniteit;Salix aurita L.;Geoorde wilg;inheems
Indigeniteit;Salix caprea L.;Boswilg;inheems
Indigeniteit;Salix cinerea L.;Grauwe wilg;inheems
Indigeniteit;Salix cinerea L. (incl. kruisingen);Grauwe wilg (inclusief kruisingen);inheems
Indigeniteit;Salix dasyclados Wimm.;Duitse dot;neofyt
Indigeniteit;Salix fragilis L.;Kraakwilg;inheems
Indigeniteit;Salix fragilis L. (incl. kruisingen);Kraakwilg (groep);inheems
Indigeniteit;Salix pentandra L.;Laurierwilg;neofyt
Indigeniteit;Salix purpurea L.;Bittere wilg;inheems
Indigeniteit;Salix repens L.;Kruipwilg;inheems
Indigeniteit;Salix triandra L.;Amandelwilg;inheems
Indigeniteit;Salix viminalis L.;Katwilg;inheems
Indigeniteit;Salix x mollissima Hoffm. ex Elwert;Amandelwilg x Katwilg;neofyt
Indigeniteit;Salsola kali L.;Loogkruid;inheems
Indigeniteit;Salsola kali L. subsp. kali;Stekend loogkruid;inheems
Indigeniteit;Salvia pratensis L.;Veldsalie;inheems
Indigeniteit;Salvia verticillata L.;Kranssalie;neofyt
Indigeniteit;Salvia viridis L.;Bonte salie;neofyt
Indigeniteit;Sambucus ebulus L.;Kruidvlier;inheems
Indigeniteit;Sambucus nigra L.;Gewone vlier;inheems
Indigeniteit;Sambucus racemosa L.;Trosvlier;inheems
Indigeniteit;Samolus valerandi L.;Waterpunge;inheems
Indigeniteit;Sanguisorba minor Scop.;Kleine pimpernel;inheems
Indigeniteit;Sanguisorba officinalis L.;Grote pimpernel;inheems
Indigeniteit;Sanicula europaea L.;Heelkruid;inheems
Indigeniteit;Saponaria officinalis L.;Zeepkruid;archeofyt
Indigeniteit;Sasa veitchii (Carrière) Rehder;;neofyt
Indigeniteit;Sauromatum venosum (Dryand. ex Aiton) Kunth;;neofyt
Indigeniteit;Saururus cernuus L.;;neofyt
Indigeniteit;Saxifraga granulata L.;Knolsteenbreek;inheems
Indigeniteit;Saxifraga tridactylites L.;Kandelaartje;inheems
Indigeniteit;Scabiosa columbaria L.;Duifkruid;inheems
Indigeniteit;Scabiosa ochroleuca L.;;neofyt
Indigeniteit;Scandix pecten-veneris L.;Naaldenkervel;archeofyt
Indigeniteit;Scheuchzeria palustris L.;Veenbloembies;inheems
Indigeniteit;Schoenus nigricans L.;Knopbies;inheems
Indigeniteit;Scirpus cespitosus L.;Veenbies;inheems
Indigeniteit;Scirpus cyperinus (L.) Kunth;Wollige bosbies;neofyt
Indigeniteit;Scirpus fluitans L.;Vlottende bies;inheems
Indigeniteit;Scirpus holoschoenus L.;Kogelbies;inheems
Indigeniteit;Scirpus lacustris L.;Mattenbies;inheems
Indigeniteit;Scirpus maritimus L.;Heen;inheems
Indigeniteit;Scirpus pungens Vahl;Stekende bies;inheems
Indigeniteit;Scirpus setaceus L.;Borstelbies;inheems
Indigeniteit;Scirpus sylvaticus L.;Bosbies;inheems
Indigeniteit;Scirpus tabernaemontani C.C. Gmel.;Ruwe bies;inheems
Indigeniteit;Scirpus triqueter L.;Driekantige bies;inheems
Indigeniteit;Scirpus x carinatus Smith;Mattenbies x Driekantige bies;inheems
Indigeniteit;Scleranthus annuus L.;Eenjarige hardbloem;inheems
Indigeniteit;Scleranthus perennis L.;Overblijvende hardbloem;inheems
Indigeniteit;Scorzonera humilis L.;Kleine schorseneer;inheems
Indigeniteit;Scrophularia auriculata L.;Geoord helmkruid;inheems
Indigeniteit;Scrophularia canina L.;Hondshelmkruid;neofyt
Indigeniteit;Scrophularia nodosa L.;Knopig helmkruid;inheems
Indigeniteit;Scrophularia umbrosa Dum.;Gevleugeld helmkruid;inheems
Indigeniteit;Scutellaria galericulata L.;Blauw glidkruid;inheems
Indigeniteit;Scutellaria minor Huds.;Klein glidkruid;inheems
Indigeniteit;Securigera varia (L.) Lassen;Bont kroonkruid;neofyt
Indigeniteit;Sedum acre L.;Muurpeper;inheems
Indigeniteit;Sedum album L.;Wit vetkruid;inheems
Indigeniteit;Sedum rupestre L.;Tripmadam;inheems
Indigeniteit;Sedum sarmentosum Bunge;Driebladvetkruid;neofyt
Indigeniteit;Sedum sexangulare L.;Zacht vetkruid;inheems
Indigeniteit;Sedum spurium Bieb.;Roze vetkruid;neofyt
Indigeniteit;Sedum telephium L.;Hemelsleutel;inheems
Indigeniteit;Selinum carvifolia (L.) L.;Karwijselie;inheems
Indigeniteit;Senecio aquaticus Hill;Waterkruiskruid;inheems
Indigeniteit;Senecio cineraria DC.;Cineraria;neofyt
Indigeniteit;Senecio congestus (R. Brown) DC.;Moerasandijvie;inheems
Indigeniteit;Senecio erucifolius L.;Viltig kruiskruid;inheems
Indigeniteit;Senecio helenitis (L.) Schinz et Thell.;Spatelkruiskruid;inheems
Indigeniteit;Senecio inaequidens DC.;Bezemkruiskruid;neofyt
Indigeniteit;Senecio jacobaea L.;Jakobskruiskruid;inheems
Indigeniteit;Senecio ovatus (P. Gaertn., B. Mey. et Scherb.) Willd.;Schaduwkruiskruid;inheems
Indigeniteit;Senecio paludosus L.;Moeraskruiskruid;inheems
Indigeniteit;Senecio sarracenicus L.;Rivierkruiskruid;inheems
Indigeniteit;Senecio squalidus L.;Glanzend kruiskruid;neofyt
Indigeniteit;Senecio sylvaticus L.;Boskruiskruid;inheems
Indigeniteit;Senecio viscosus L.;Kleverig kruiskruid;inheems
Indigeniteit;Senecio vulgaris L.;Klein kruiskruid;inheems
Indigeniteit;Serratula tinctoria L.;Zaagblad;inheems
Indigeniteit;Sesleria caerulea (L.) Ard.;Blauwgras;inheems
Indigeniteit;Setaria faberi W. Herrmann;Chinese naaldaar;neofyt
Indigeniteit;Setaria parviflora (Poiret) Kerguélen;;neofyt
Indigeniteit;Setaria pumila (Poiret) Roem. et Schult.;Geelrode naaldaar;archeofyt
Indigeniteit;Setaria verticillata (L.) Beauv.;Kransnaaldaar;neofyt
Indigeniteit;Setaria viridis (L.) Beauv.;Groene naaldaar;inheems
Indigeniteit;Sherardia arvensis L.;Blauw walstro;archeofyt
Indigeniteit;Silaum silaus (L.) Schinz et Thell.;Weidekervel;inheems
Indigeniteit;Silene conica L.;Kegelsilene;inheems
Indigeniteit;Silene dioica (L.) Clairv.;Dagkoekoeksbloem;inheems
Indigeniteit;Silene gallica L.;Franse silene;archeofyt
Indigeniteit;Silene latifolia Poiret subsp. alba (Mill.) Greuter et Burdet;Avondkoekoeksbloem;inheems
Indigeniteit;Silene noctiflora L.;Nachtkoekoeksbloem;inheems
Indigeniteit;Silene nutans L.;Nachtsilene;inheems
Indigeniteit;Silene vulgaris (Moench) Garcke;Blaassilene;inheems
Indigeniteit;Sinapis arvensis L.;Herik;archeofyt
Indigeniteit;Sison amomum L.;Steeneppe;inheems
Indigeniteit;Sisymbrium altissimum L.;Hongaarse raket;neofyt
Indigeniteit;Sisymbrium austriacum Jacq.;Maasraket;neofyt
Indigeniteit;Sisymbrium officinale (L.) Scop.;Gewone raket;archeofyt
Indigeniteit;Sisymbrium orientale L.;Oosterse raket;neofyt
Indigeniteit;Sium latifolium L.;Grote watereppe;inheems
Indigeniteit;Solanum dulcamara L.;Bitterzoet;inheems
Indigeniteit;Solanum lycopersicum L.;Tomaat;neofyt
Indigeniteit;Solanum nigrum L.;Zwarte nachtschade;archeofyt
Indigeniteit;Solanum physalifolium Rusby var. nitidibaccatum (Bitter) Edmonds;Glansbesnachtschade;neofyt
Indigeniteit;Solanum sarachoides Sendtn.;Kleverige nachtschade;neofyt
Indigeniteit;Solanum triflorum Nutt.;Driebloemige nachtschade;neofyt
Indigeniteit;Solidago canadensis L.;Canadese guldenroede;neofyt
Indigeniteit;Solidago gigantea Ait.;Late guldenroede;neofyt
Indigeniteit;Solidago virgaurea L.;Echte guldenroede;inheems
Indigeniteit;Sonchus arvensis L.;Akkermelkdistel;inheems
Indigeniteit;Sonchus asper (L.) Hill;Gekroesde melkdistel;inheems
Indigeniteit;Sonchus oleraceus L.;Gewone melkdistel;inheems
Indigeniteit;Sonchus palustris L.;Moerasmelkdistel;inheems
Indigeniteit;Sorbaria tomentosa (Lindl.) Rehd.;Harige sorbaria;neofyt
Indigeniteit;Sorbus aucuparia L.;Wilde lijsterbes;inheems
Indigeniteit;Sorghum halepense (L.) Pers.;Wilde sorgo;neofyt
Indigeniteit;Sparganium angustifolium Michaux;Drijvende egelskop;inheems
Indigeniteit;Sparganium emersum Rehm.;Kleine egelskop;inheems
Indigeniteit;Sparganium erectum L.;Grote egelskop;inheems
Indigeniteit;Sparganium natans L.;Kleinste egelskop;inheems
Indigeniteit;Spartina maritima (Curt.) Fernald;Klein slijkgras;inheems
Indigeniteit;Spartina townsendii H. et J. Groves;Engels slijkgras;neofyt
Indigeniteit;Spergula arvensis L.;Gewone spurrie;inheems
Indigeniteit;Spergula morisonii Boreau;Heidespurrie;inheems
Indigeniteit;Spergularia marina (L.) Besser;Zilte schijnspurrie;inheems
Indigeniteit;Spergularia media (L.) C. Presl subsp. angustata (Clavaud) Kerguélen et Lambinon;Gerande schijnspurrie;inheems
Indigeniteit;Spergularia rubra (L.) J. et C. Presl;Rode schijnspurrie;inheems
Indigeniteit;Spiraea douglasii Hook.;Douglaspluimspirea;neofyt
Indigeniteit;Spiraea tomentosa L.;Viltige pluimspirea;neofyt
Indigeniteit;Spiranthes aestivalis (Poiret) L.C.M. Rich.;Zomerschroeforchis;inheems
Indigeniteit;Spiranthes spiralis (L.) Chevall.;Herfstschroeforchis;inheems
Indigeniteit;Spirodela polyrhiza (L.) Schleid.;Veelwortelig kroos;inheems
Indigeniteit;Stachys alpina L.;Alpenandoorn;inheems
Indigeniteit;Stachys arvensis (L.) L.;Akkerandoorn;inheems
Indigeniteit;Stachys officinalis (L.) Trev.;Betonie;inheems
Indigeniteit;Stachys palustris L.;Moerasandoorn;inheems
Indigeniteit;Stachys sylvatica L.;Bosandoorn;inheems
Indigeniteit;Stellaria alsine Grimm;Moerasmuur;inheems
Indigeniteit;Stellaria graminea L.;Grasmuur;inheems
Indigeniteit;Stellaria holostea L.;Grote muur;inheems
Indigeniteit;Stellaria media (L.) Vill.;Vogelmuur + Heggenvogelmuur;inheems
Indigeniteit;Stellaria nemorum L.;Bosmuur;inheems
Indigeniteit;Stellaria pallida (Dum.) Piré;Duinvogelmuur;inheems
Indigeniteit;Stellaria palustris Retz.;Zeegroene muur;inheems
Indigeniteit;Stratiotes aloides L.;Krabbenscheer;inheems
Indigeniteit;Suaeda maritima (L.) Dum.;Klein schorrenkruid;inheems
Indigeniteit;Subularia aquatica L.;Priemkruid;inheems
Indigeniteit;Succisa pratensis Moench;Blauwe knoop;inheems
Indigeniteit;Symphoricarpos albus (L.) S.F. Blake;Sneeuwbes;neofyt
Indigeniteit;Symphytum × hidcotense P.D.Sell;Hidcote-smeerwortel;neofyt
Indigeniteit;Symphytum asperum Lepechin;Ruwe smeerwortel;neofyt
Indigeniteit;Symphytum caucasicum M.Bieb.;Kaukasische smeerwortel;neofyt
Indigeniteit;Symphytum officinale L.;Gewone smeerwortel;inheems
Indigeniteit;Syringa vulgaris L.;Sering;neofyt
Indigeniteit;Tamarix gallica L.;Franse tamarisk;neofyt
Indigeniteit;Tamus communis L.;Spekwortel;inheems
Indigeniteit;Tanacetum parthenium (L.) Schultz-Bip.;Moederkruid;neofyt
Indigeniteit;Tanacetum vulgare L.;Boerenwormkruid;inheems
Indigeniteit;Taraxacum;Paardenbloem (G);inheems
Indigeniteit;Taraxacum Wiggers sect. Erythrosperma (Lindb. f.) Dahlst.;Duinpaardenbloem;inheems
Indigeniteit;Taraxacum Wiggers sect. Palustria (Lindb. f.) Dahlst.;Moeraspaardenbloem;inheems
Indigeniteit;Taraxacum Wiggers sect. Spectabilia (Dahlst.) Dahlst.;Schraallandpaardenbloem;inheems
Indigeniteit;Taraxacum Wiggers sect. Subvulgaria Christians.;Paardenbloem;inheems
Indigeniteit;Taxus baccata L.;Taxus;archeofyt of neofyt
Indigeniteit;Teesdalia nudicaulis (L.) R. Brown;Klein tasjeskruid;inheems
Indigeniteit;Telekia speciosa (Schreb.) Baumg.;Groot koeienoog;neofyt
Indigeniteit;Teucrium scordium L.;Moerasgamander;inheems
Indigeniteit;Teucrium scorodonia L.;Valse salie;inheems
Indigeniteit;Thalictrum flavum L.;Poelruit;inheems
Indigeniteit;Thalictrum minus L.;Kleine ruit;inheems
Indigeniteit;Thelypteris palustris Schott;Moerasvaren;inheems
Indigeniteit;Thesium humifusum DC.;Liggend bergvlas;inheems
Indigeniteit;Thlaspi arvense L.;Witte krodde;inheems
Indigeniteit;Thlaspi caerulescens J. et C. Presl;Zinkboerenkers;neofyt
Indigeniteit;Thlaspi perfoliatum L.;Doorgroeide boerenkers;inheems
Indigeniteit;Thymus pulegioides L.;Grote tijm;inheems
Indigeniteit;Thymus serpyllum L.;Kleine tijm;inheems
Indigeniteit;Tilia cordata Mill.;Winterlinde;inheems
Indigeniteit;Tilia platyphyllos Scop. (incl. kruisingen);Zomerlinde (+ bastaarden);archeofyt of neofyt
Indigeniteit;Torilis arvensis (Huds.) Link;Akkerdoornzaad;inheems
Indigeniteit;Torilis japonica (Houtt.) DC.;Heggendoornzaad;inheems
Indigeniteit;Torilis nodosa (L.) Gaertn.;Knopig doornzaad;inheems
Indigeniteit;Tragopogon dubius Scop.;Bleke morgenster;neofyt
Indigeniteit;Tragopogon pratensis L.;Gele morgenster;inheems
Indigeniteit;Trientalis europaea L.;Zevenster;inheems
Indigeniteit;Trifolium arvense L.;Hazenpootje;inheems
Indigeniteit;Trifolium campestre Schreb.;Liggende klaver;inheems
Indigeniteit;Trifolium dubium Sibth.;Kleine klaver;inheems
Indigeniteit;Trifolium filiforme L.;Draadklaver;inheems
Indigeniteit;Trifolium fragiferum L.;Aardbeiklaver;inheems
Indigeniteit;Trifolium hybridum L.;Basterdklaver;neofyt
Indigeniteit;Trifolium medium L.;Bochtige klaver;inheems
Indigeniteit;Trifolium pratense L.;Rode klaver;inheems
Indigeniteit;Trifolium repens L.;Witte klaver;inheems
Indigeniteit;Trifolium scabrum L.;Ruwe klaver;inheems
Indigeniteit;Trifolium striatum L.;Gestreepte klaver;inheems
Indigeniteit;Trifolium subterraneum L.;Onderaardse klaver;inheems
Indigeniteit;Triglochin maritima L.;Schorrenzoutgras;inheems
Indigeniteit;Triglochin palustris L.;Moeraszoutgras;inheems
Indigeniteit;Trisetum flavescens (L.) Beauv.;Goudhaver;inheems
Indigeniteit;Triteleia laxa Benth.;;neofyt
Indigeniteit;Tuberaria guttata (L.) Fourr.;Gevlekt zonneroosje;inheems
Indigeniteit;Tulipa sylvestris L.;Bostulp;neofyt
Indigeniteit;Tussilago farfara L.;Klein hoefblad;inheems
Indigeniteit;Typha angustifolia L.;Kleine lisdodde;inheems
Indigeniteit;Typha latifolia L.;Grote lisdodde;inheems
Indigeniteit;Ulex europaeus L.;Gaspeldoorn;inheems
Indigeniteit;Ulmus glabra Huds.;Ruwe iep;inheems
Indigeniteit;Ulmus laevis Pallas;Fladderiep;inheems
Indigeniteit;Ulmus minor Mill.;Gladde iep;inheems
Indigeniteit;Urtica dioica L.;Grote brandnetel;inheems
Indigeniteit;Urtica urens L.;Kleine brandnetel;inheems
Indigeniteit;Utricularia australis R. Brown;Loos blaasjeskruid;inheems
Indigeniteit;Utricularia intermedia Hayne;Plat blaasjeskruid;inheems
Indigeniteit;Utricularia minor L.;Klein blaasjeskruid;inheems
Indigeniteit;Utricularia ochroleuca R. Hartm.;Bleekgeel blaasjeskruid;inheems
Indigeniteit;Utricularia vulgaris L.;Groot blaasjeskruid;inheems
Indigeniteit;Vaccaria hispanica (Mill.) Rauschert;Koekruid;inheems of archeofyt
Indigeniteit;Vaccinium myrtillus L.;Blauwe bosbes;inheems
Indigeniteit;Vaccinium oxycoccos L.;Kleine veenbes;inheems
Indigeniteit;Vaccinium uliginosum L.;Rijsbes;inheems
Indigeniteit;Vaccinium vitis-idaea L.;Rode bosbes;inheems
Indigeniteit;Valeriana dioica L.;Kleine valeriaan;inheems
Indigeniteit;Valeriana repens Host;Echte valeriaan;inheems
Indigeniteit;Valerianella carinata Loisel.;Gegroefde veldsla;archeofyt
Indigeniteit;Valerianella dentata (L.) Pollich;Getande veldsla;inheems
Indigeniteit;Valerianella locusta (L.) Laterr.;Gewone veldsla;inheems
Indigeniteit;Valerianella rimosa Bast.;Geoorde veldsla;inheems
Indigeniteit;Verbascum blattaria L.;Mottenkruid;inheems
Indigeniteit;Verbascum densiflorum Bertol.;Stalkaars;inheems
Indigeniteit;Verbascum lychnitis L.;Melige toorts;inheems
Indigeniteit;Verbascum nigrum L.;Zwarte toorts;inheems
Indigeniteit;Verbascum phlomoides L.;Keizerskaars;neofyt
Indigeniteit;Verbascum thapsus L.;Koningskaars;inheems
Indigeniteit;Verbena officinalis L.;Ijzerhard;archeofyt
Indigeniteit;Veronica acinifolia L.;Steentijmereprijs;inheems
Indigeniteit;Veronica agrestis L.;Akkerereprijs;inheems
Indigeniteit;Veronica anagallis-aquatica L.;Blauwe waterereprijs + rode waterereprijs;inheems
Indigeniteit;Veronica arvensis L.;Veldereprijs;inheems
Indigeniteit;Veronica austriaca subsp. teucrium (L.) D.A.Webb;Brede ereprijs s.s.;neofyt
Indigeniteit;Veronica beccabunga L.;Beekpunge;inheems
Indigeniteit;Veronica chamaedrys L.;Gewone ereprijs;inheems
Indigeniteit;Veronica cymbalaria Bodard;Schijnklimopereprijs;neofyt
Indigeniteit;Veronica filiformis Smith;Draadereprijs;neofyt
Indigeniteit;Veronica hederifolia L.;Klimopereprijs;inheems
Indigeniteit;Veronica longifolia L.;Lange ereprijs;archeofyt of neofyt
Indigeniteit;Veronica montana L.;Bosereprijs;inheems
Indigeniteit;Veronica officinalis L.;Mannetjesereprijs;inheems
Indigeniteit;Veronica opaca Fries;Doffe ereprijs;inheems
Indigeniteit;Veronica peregrina L.;Vreemde ereprijs;neofyt
Indigeniteit;Veronica persica Poiret;Grote ereprijs;neofyt
Indigeniteit;Veronica polita Fries;Gladde ereprijs;inheems
Indigeniteit;Veronica praecox All.;Vroege ereprijs;inheems
Indigeniteit;Veronica scutellata L.;Schildereprijs;inheems
Indigeniteit;Veronica serpyllifolia L.;Tijmereprijs;inheems
Indigeniteit;Veronica spicata L. subsp. orchidea (Crantz) Hayek;;neofyt
Indigeniteit;Veronica triphyllos L.;Handjesereprijs;inheems
Indigeniteit;Viburnum lantana L.;Wollige sneeuwbal;inheems
Indigeniteit;Viburnum opulus L.;Gelderse roos;inheems
Indigeniteit;Viburnum plicatum Thunb.;;neofyt
Indigeniteit;Vicia cracca L.;Vogelwikke;inheems
Indigeniteit;Vicia hirsuta (L.) S.F. Gray;Ringelwikke;inheems
Indigeniteit;Vicia lathyroides L.;Lathyruswikke;inheems
Indigeniteit;Vicia sativa L.;Voederwikke, vergeten wikke en smalle wikke;inheems
Indigeniteit;Vicia sepium L.;Heggenwikke;inheems
Indigeniteit;Vicia tetrasperma (L.) Schreb.;Vierzadige wikke;inheems
Indigeniteit;Vicia villosa Roth;Zachte wikke;neofyt
Indigeniteit;Vinca major L.;Grote maagdenpalm;neofyt
Indigeniteit;Vinca minor L.;Kleine maagdenpalm;inheems
Indigeniteit;Vincetoxicum hirundinaria Med.;Witte engbloem;inheems
Indigeniteit;Viola arvensis Murray;Akkerviooltje;archeofyt
Indigeniteit;Viola canina L.;Hondsviooltje;inheems
Indigeniteit;Viola curtisii E. Forster;Duinviooltje;inheems
Indigeniteit;Viola hirta L.;Ruig viooltje;inheems
Indigeniteit;Viola lactea Smith;Echt melkviooltje;inheems
Indigeniteit;Viola odorata L.;Maarts viooltje;inheems
Indigeniteit;Viola palustris L.;Moerasviooltje;inheems
Indigeniteit;Viola persicifolia Schreb.;Vals melkviooltje;inheems
Indigeniteit;Viola reichenbachiana Jord. ex Boreau;Donkersporig bosviooltje;inheems
Indigeniteit;Viola riviniana Reichenb.;Bleeksporig bosviooltje;inheems
Indigeniteit;Viola tricolor L.;Driekleurig viooltje;inheems
Indigeniteit;Viscum album L.;Maretak;inheems
Indigeniteit;Vulpia bromoides (L.) S.F. Gray;Eekhoorngras;inheems
Indigeniteit;Vulpia ciliata Dum.;Duinlangbaardgras en gewimperd langbaardgras;inheems
Indigeniteit;Vulpia ciliata Dum. subsp. ambigua (Le Gall) Stace et Auquier;Duinlangbaardgras;inheems
Indigeniteit;Vulpia fasciculata (Forssk.) Fritsch;Dicht langbaardgras;inheems of archeofyt
Indigeniteit;Vulpia membranacea (L.) Dum.;Zandlangbaardgras;inheems of archeofyt
Indigeniteit;Vulpia myuros (L.) C.C. Gmel.;Gewoon langbaardgras;inheems
Indigeniteit;Wahlenbergia hederacea (L.) Reichenb.;Klimopklokje;inheems
Indigeniteit;Wolffia arrhiza (L.) Hork. ex Wimm.;Wortelloos kroos;inheems
Indigeniteit;Wolffia columbiana H.Karst.;Columbiaanse wolffia;neofyt
Indigeniteit;Xanthium orientale L.;Grote stekelnoot;neofyt
Indigeniteit;Zannichellia palustris L.;Zannichellia;inheems
Indigeniteit;Zannichellia palustris L. subsp. palustris;Zittende zannichellia;inheems
Indigeniteit;Zannichellia palustris L. subsp. pedicellata (Wahlenb. et Rosén) Hegi;Gesteelde zannichellia;inheems
Indigeniteit;Zostera noltii Hornem.;Klein zeegras;inheems
;;;
