"URI","Label","Definition","Notation","Status","AcceptedDate","owl:sameAs"
"http://dd.eionet.europa.eu/vocabulary/biodiversity/n2000habitats/1100","Open sea and tidal areas","","1100","valid","2013-08-07","http://eunis.eea.europa.eu/habitats/10002"
"http://dd.eionet.europa.eu/vocabulary/biodiversity/n2000habitats/1110","Sandbanks which are slightly covered by sea water all the time","","1110","valid","2013-08-07","http://eunis.eea.europa.eu/habitats/10003"
"http://dd.eionet.europa.eu/vocabulary/biodiversity/n2000habitats/1120","Posidonia beds (Posidonion oceanicae)","","1120","valid","2013-08-07","http://eunis.eea.europa.eu/habitats/10004"
"http://dd.eionet.europa.eu/vocabulary/biodiversity/n2000habitats/1130","Estuaries","","1130","valid","2013-08-07","http://eunis.eea.europa.eu/habitats/10005"
"http://dd.eionet.europa.eu/vocabulary/biodiversity/n2000habitats/1140","Mudflats and sandflats not covered by seawater at low tide","","1140","valid","2013-08-07","http://eunis.eea.europa.eu/habitats/10006"
"http://dd.eionet.europa.eu/vocabulary/biodiversity/n2000habitats/1150","Coastal lagoons","","1150","valid","2013-08-07","http://eunis.eea.europa.eu/habitats/10007"
"http://dd.eionet.europa.eu/vocabulary/biodiversity/n2000habitats/1160","Large shallow inlets and bays","","1160","valid","2013-08-07","http://eunis.eea.europa.eu/habitats/10008"
"http://dd.eionet.europa.eu/vocabulary/biodiversity/n2000habitats/1170","Reefs","","1170","valid","2013-08-07","http://eunis.eea.europa.eu/habitats/10009"
"http://dd.eionet.europa.eu/vocabulary/biodiversity/n2000habitats/1180","Submarine structures made by leaking gases","","1180","valid","2013-08-07","http://eunis.eea.europa.eu/habitats/10010"
"http://dd.eionet.europa.eu/vocabulary/biodiversity/n2000habitats/1200","Sea cliffs and shingle or stony beaches","","1200","valid","2013-08-07","http://eunis.eea.europa.eu/habitats/10011"
"http://dd.eionet.europa.eu/vocabulary/biodiversity/n2000habitats/1210","Annual vegetation of drift lines","","1210","valid","2013-08-07","http://eunis.eea.europa.eu/habitats/10012"
"http://dd.eionet.europa.eu/vocabulary/biodiversity/n2000habitats/1220","Perennial vegetation of stony banks","","1220","valid","2013-08-07","http://eunis.eea.europa.eu/habitats/10013"
"http://dd.eionet.europa.eu/vocabulary/biodiversity/n2000habitats/1230","Vegetated sea cliffs of the Atlantic and Baltic Coasts","","1230","valid","2013-08-07","http://eunis.eea.europa.eu/habitats/10014"
"http://dd.eionet.europa.eu/vocabulary/biodiversity/n2000habitats/1240","Vegetated sea cliffs of the Mediterranean coasts with endemic Limonium spp","","1240","valid","2013-08-07","http://eunis.eea.europa.eu/habitats/10015"
"http://dd.eionet.europa.eu/vocabulary/biodiversity/n2000habitats/1250","Vegetated sea cliffs with endemic flora of the Macaronesian coasts","","1250","valid","2013-08-07","http://eunis.eea.europa.eu/habitats/10016"
"http://dd.eionet.europa.eu/vocabulary/biodiversity/n2000habitats/1300","Atlantic and continental salt marshes and salt meadows","","1300","valid","2013-08-07","http://eunis.eea.europa.eu/habitats/10017"
"http://dd.eionet.europa.eu/vocabulary/biodiversity/n2000habitats/1310","Salicornia and other annuals colonizing mud and sand","","1310","valid","2013-08-07","http://eunis.eea.europa.eu/habitats/10018"
"http://dd.eionet.europa.eu/vocabulary/biodiversity/n2000habitats/1320","Spartina swards (Spartinion maritimae)","","1320","valid","2013-08-07","http://eunis.eea.europa.eu/habitats/10019"
"http://dd.eionet.europa.eu/vocabulary/biodiversity/n2000habitats/1330","Atlantic salt meadows (Glauco-Puccinellietalia maritimae)","","1330","valid","2013-08-07","http://eunis.eea.europa.eu/habitats/10020"
"http://dd.eionet.europa.eu/vocabulary/biodiversity/n2000habitats/1340","Inland salt meadows","","1340","valid","2013-08-07","http://eunis.eea.europa.eu/habitats/10021"
"http://dd.eionet.europa.eu/vocabulary/biodiversity/n2000habitats/1400","Mediterranean and thermo-Atlantic salt marshes and salt meadows","","1400","valid","2013-08-07","http://eunis.eea.europa.eu/habitats/10022"
"http://dd.eionet.europa.eu/vocabulary/biodiversity/n2000habitats/1410","Mediterranean salt meadows (Juncetalia maritimi)","","1410","valid","2013-08-07","http://eunis.eea.europa.eu/habitats/10023"
"http://dd.eionet.europa.eu/vocabulary/biodiversity/n2000habitats/1420","Mediterranean and thermo-Atlantic halophilous scrubs (Sarcocornetea fruticosi)","","1420","valid","2013-08-07","http://eunis.eea.europa.eu/habitats/10024"
"http://dd.eionet.europa.eu/vocabulary/biodiversity/n2000habitats/1430","Halo-nitrophilous scrubs (Pegano-Salsoletea)","","1430","valid","2013-08-07","http://eunis.eea.europa.eu/habitats/10025"
"http://dd.eionet.europa.eu/vocabulary/biodiversity/n2000habitats/1500","Salt and gypsum inland steppes","","1500","valid","2013-08-07","http://eunis.eea.europa.eu/habitats/10026"
"http://dd.eionet.europa.eu/vocabulary/biodiversity/n2000habitats/1510","Mediterranean salt steppes (Limonietalia)","","1510","valid","2013-08-07","http://eunis.eea.europa.eu/habitats/10027"
"http://dd.eionet.europa.eu/vocabulary/biodiversity/n2000habitats/1520","Iberian gypsum vegetation (Gypsophiletalia)","","1520","valid","2013-08-07","http://eunis.eea.europa.eu/habitats/10028"
"http://dd.eionet.europa.eu/vocabulary/biodiversity/n2000habitats/1530","Pannonic salt steppes and salt marshes","","1530","valid","2013-08-07","http://eunis.eea.europa.eu/habitats/10029"
"http://dd.eionet.europa.eu/vocabulary/biodiversity/n2000habitats/1600","Boreal Baltic archipelago, coastal and landupheaval areas","","1600","valid","2013-08-07","http://eunis.eea.europa.eu/habitats/10030"
"http://dd.eionet.europa.eu/vocabulary/biodiversity/n2000habitats/1610","Baltic esker islands with sandy, rocky and shingle beach vegetation and sublittoral vegetation","","1610","valid","2013-08-07","http://eunis.eea.europa.eu/habitats/10031"
"http://dd.eionet.europa.eu/vocabulary/biodiversity/n2000habitats/1620","Boreal Baltic islets and small islands","","1620","valid","2013-08-07","http://eunis.eea.europa.eu/habitats/10032"
"http://dd.eionet.europa.eu/vocabulary/biodiversity/n2000habitats/1630","Boreal Baltic coastal meadows","","1630","valid","2013-08-07","http://eunis.eea.europa.eu/habitats/10033"
"http://dd.eionet.europa.eu/vocabulary/biodiversity/n2000habitats/1640","Boreal Baltic sandy beaches with perennial vegetation","","1640","valid","2013-08-07","http://eunis.eea.europa.eu/habitats/10034"
"http://dd.eionet.europa.eu/vocabulary/biodiversity/n2000habitats/1650","Boreal Baltic narrow inlets","","1650","valid","2013-08-07","http://eunis.eea.europa.eu/habitats/10035"
"http://dd.eionet.europa.eu/vocabulary/biodiversity/n2000habitats/2100","Sea dunes of the Atlantic, North Sea and Baltic coasts","","2100","valid","2013-08-07","http://eunis.eea.europa.eu/habitats/10037"
"http://dd.eionet.europa.eu/vocabulary/biodiversity/n2000habitats/2110","Embryonic shifting dunes","","2110","valid","2013-08-07","http://eunis.eea.europa.eu/habitats/10038"
"http://dd.eionet.europa.eu/vocabulary/biodiversity/n2000habitats/2120","Shifting dunes along the shoreline with Ammophila arenaria ('white dunes')","","2120","valid","2013-08-07","http://eunis.eea.europa.eu/habitats/10039"
"http://dd.eionet.europa.eu/vocabulary/biodiversity/n2000habitats/2130","Fixed coastal dunes with herbaceous vegetation ('grey dunes')","","2130","valid","2013-08-07","http://eunis.eea.europa.eu/habitats/10040"
"http://dd.eionet.europa.eu/vocabulary/biodiversity/n2000habitats/2140","Decalcified fixed dunes with Empetrum nigrum","","2140","valid","2013-08-07","http://eunis.eea.europa.eu/habitats/10041"
"http://dd.eionet.europa.eu/vocabulary/biodiversity/n2000habitats/2150","Atlantic decalcified fixed dunes (Calluno-Ulicetea)","","2150","valid","2013-08-07","http://eunis.eea.europa.eu/habitats/10042"
"http://dd.eionet.europa.eu/vocabulary/biodiversity/n2000habitats/2160","Dunes with Hippophaë rhamnoides","","2160","valid","2013-08-07","http://eunis.eea.europa.eu/habitats/10043"
"http://dd.eionet.europa.eu/vocabulary/biodiversity/n2000habitats/2170","Dunes with Salix repens ssp argentea (Salicion arenariae)","","2170","valid","2013-08-07","http://eunis.eea.europa.eu/habitats/10044"
"http://dd.eionet.europa.eu/vocabulary/biodiversity/n2000habitats/2180","Wooded dunes of the Atlantic, Continental and Boreal region","","2180","valid","2013-08-07","http://eunis.eea.europa.eu/habitats/10045"
"http://dd.eionet.europa.eu/vocabulary/biodiversity/n2000habitats/2190","Humid dune slacks","","2190","valid","2013-08-07","http://eunis.eea.europa.eu/habitats/10046"
"http://dd.eionet.europa.eu/vocabulary/biodiversity/n2000habitats/21A0","Machairs (* in Ireland)","","21A0","valid","2013-08-07","http://eunis.eea.europa.eu/habitats/10047"
"http://dd.eionet.europa.eu/vocabulary/biodiversity/n2000habitats/2200","Sea dunes of the Mediterranean coast","","2200","valid","2013-08-07","http://eunis.eea.europa.eu/habitats/10048"
"http://dd.eionet.europa.eu/vocabulary/biodiversity/n2000habitats/2210","Crucianellion maritimae fixed beach dunes","","2210","valid","2013-08-07","http://eunis.eea.europa.eu/habitats/10049"
"http://dd.eionet.europa.eu/vocabulary/biodiversity/n2000habitats/2220","Dunes with Euphorbia terracina","","2220","valid","2013-08-07","http://eunis.eea.europa.eu/habitats/10050"
"http://dd.eionet.europa.eu/vocabulary/biodiversity/n2000habitats/2230","Malcolmietalia dune grasslands","","2230","valid","2013-08-07","http://eunis.eea.europa.eu/habitats/10051"
"http://dd.eionet.europa.eu/vocabulary/biodiversity/n2000habitats/2240","Brachypodietalia dune grasslands with annuals","","2240","valid","2013-08-07","http://eunis.eea.europa.eu/habitats/10052"
"http://dd.eionet.europa.eu/vocabulary/biodiversity/n2000habitats/2250","Coastal dunes with Juniperus spp","","2250","valid","2013-08-07","http://eunis.eea.europa.eu/habitats/10053"
"http://dd.eionet.europa.eu/vocabulary/biodiversity/n2000habitats/2260","Cisto-Lavenduletalia dune sclerophyllous scrubs","","2260","valid","2013-08-07","http://eunis.eea.europa.eu/habitats/10054"
"http://dd.eionet.europa.eu/vocabulary/biodiversity/n2000habitats/2270","Wooded dunes with Pinus pinea and/or Pinus pinaster","","2270","valid","2013-08-07","http://eunis.eea.europa.eu/habitats/10055"
"http://dd.eionet.europa.eu/vocabulary/biodiversity/n2000habitats/2300","Inland dunes, old and decalcified","","2300","valid","2013-08-07","http://eunis.eea.europa.eu/habitats/10056"
"http://dd.eionet.europa.eu/vocabulary/biodiversity/n2000habitats/2310","Dry sand heaths with Calluna and Genista","","2310","valid","2013-08-07","http://eunis.eea.europa.eu/habitats/10057"
"http://dd.eionet.europa.eu/vocabulary/biodiversity/n2000habitats/2320","Dry sand heaths with Calluna and Empetrum nigrum","","2320","valid","2013-08-07","http://eunis.eea.europa.eu/habitats/10058"
"http://dd.eionet.europa.eu/vocabulary/biodiversity/n2000habitats/2330","Inland dunes with open Corynephorus and Agrostis grasslands","","2330","valid","2013-08-07","http://eunis.eea.europa.eu/habitats/10059"
"http://dd.eionet.europa.eu/vocabulary/biodiversity/n2000habitats/2340","Pannonic inland dunes","","2340","valid","2013-08-07","http://eunis.eea.europa.eu/habitats/10060"
"http://dd.eionet.europa.eu/vocabulary/biodiversity/n2000habitats/3100","Standing water","","3100","valid","2013-08-07","http://eunis.eea.europa.eu/habitats/10062"
"http://dd.eionet.europa.eu/vocabulary/biodiversity/n2000habitats/3110","Oligotrophic waters containing very few minerals of sandy plains (Littorelletalia uniflorae)","","3110","valid","2013-08-07","http://eunis.eea.europa.eu/habitats/10063"
"http://dd.eionet.europa.eu/vocabulary/biodiversity/n2000habitats/3120","Oligotrophic waters containing very few minerals generally on sandy soils of the West Mediterranean, with Isoetes spp","","3120","valid","2013-08-07","http://eunis.eea.europa.eu/habitats/10064"
"http://dd.eionet.europa.eu/vocabulary/biodiversity/n2000habitats/3130","Oligotrophic to mesotrophic standing waters with vegetation of the Littorelletea uniflorae and/or of the Isoeto-Nanojuncetea","","3130","valid","2013-08-07","http://eunis.eea.europa.eu/habitats/10065"
"http://dd.eionet.europa.eu/vocabulary/biodiversity/n2000habitats/3140","Hard oligo-mesotrophic waters with benthic vegetation of Chara spp","","3140","valid","2013-08-07","http://eunis.eea.europa.eu/habitats/10066"
"http://dd.eionet.europa.eu/vocabulary/biodiversity/n2000habitats/3150","Natural eutrophic lakes with Magnopotamion or Hydrocharition -type vegetation","","3150","valid","2013-08-07","http://eunis.eea.europa.eu/habitats/10067"
"http://dd.eionet.europa.eu/vocabulary/biodiversity/n2000habitats/3160","Natural dystrophic lakes and ponds","","3160","valid","2013-08-07","http://eunis.eea.europa.eu/habitats/10068"
"http://dd.eionet.europa.eu/vocabulary/biodiversity/n2000habitats/3170","Mediterranean temporary ponds","","3170","valid","2013-08-07","http://eunis.eea.europa.eu/habitats/10069"
"http://dd.eionet.europa.eu/vocabulary/biodiversity/n2000habitats/3180","Turloughs","","3180","valid","2013-08-07","http://eunis.eea.europa.eu/habitats/10070"
"http://dd.eionet.europa.eu/vocabulary/biodiversity/n2000habitats/3190","Lakes of gypsum karst","","3190","valid","2013-08-07","http://eunis.eea.europa.eu/habitats/10240"
"http://dd.eionet.europa.eu/vocabulary/biodiversity/n2000habitats/31A0","Transylvanian hot-spring lotus beds","","31A0","valid","2013-08-07","http://eunis.eea.europa.eu/habitats/10241"
"http://dd.eionet.europa.eu/vocabulary/biodiversity/n2000habitats/3200","Running water - sections of water courses with natural or semi-natural dynamics (minor, average and major beds) where the water quality shows no significant deterioration","","3200","valid","2013-08-07","http://eunis.eea.europa.eu/habitats/10071"
"http://dd.eionet.europa.eu/vocabulary/biodiversity/n2000habitats/3210","Fennoscandian natural rivers","","3210","valid","2013-08-07","http://eunis.eea.europa.eu/habitats/10072"
"http://dd.eionet.europa.eu/vocabulary/biodiversity/n2000habitats/3220","Alpine rivers and the herbaceous vegetation along their banks","","3220","valid","2013-08-07","http://eunis.eea.europa.eu/habitats/10073"
"http://dd.eionet.europa.eu/vocabulary/biodiversity/n2000habitats/3230","Alpine rivers and their ligneous vegetation with Myricaria germanica","","3230","valid","2013-08-07","http://eunis.eea.europa.eu/habitats/10074"
"http://dd.eionet.europa.eu/vocabulary/biodiversity/n2000habitats/3240","Alpine rivers and their ligneous vegetation with Salix elaeagnos","","3240","valid","2013-08-07","http://eunis.eea.europa.eu/habitats/10075"
"http://dd.eionet.europa.eu/vocabulary/biodiversity/n2000habitats/3250","Constantly flowing Mediterranean rivers with Glaucium flavum","","3250","valid","2013-08-07","http://eunis.eea.europa.eu/habitats/10076"
"http://dd.eionet.europa.eu/vocabulary/biodiversity/n2000habitats/3260","Water courses of plain to montane levels with the Ranunculion fluitantis and Callitricho-Batrachion vegetation","","3260","valid","2013-08-07","http://eunis.eea.europa.eu/habitats/10077"
"http://dd.eionet.europa.eu/vocabulary/biodiversity/n2000habitats/3270","Rivers with muddy banks with Chenopodion rubri pp and Bidention pp vegetation","","3270","valid","2013-08-07","http://eunis.eea.europa.eu/habitats/10078"
"http://dd.eionet.europa.eu/vocabulary/biodiversity/n2000habitats/3280","Constantly flowing Mediterranean rivers with Paspalo-Agrostidion species and hanging curtains of Salix and Populus alba","","3280","valid","2013-08-07","http://eunis.eea.europa.eu/habitats/10079"
"http://dd.eionet.europa.eu/vocabulary/biodiversity/n2000habitats/3290","Intermittently flowing Mediterranean rivers of the Paspalo-Agrostidion","","3290","valid","2013-08-07","http://eunis.eea.europa.eu/habitats/10080"
"http://dd.eionet.europa.eu/vocabulary/biodiversity/n2000habitats/4000","Temperate heath and scrub","","4000","valid","2013-08-07","http://eunis.eea.europa.eu/habitats/10260"
"http://dd.eionet.europa.eu/vocabulary/biodiversity/n2000habitats/4010","Northern Atlantic wet heaths with Erica tetralix","","4010","valid","2013-08-07","http://eunis.eea.europa.eu/habitats/10082"
"http://dd.eionet.europa.eu/vocabulary/biodiversity/n2000habitats/4020","Temperate Atlantic wet heaths with Erica ciliaris and Erica tetralix","","4020","valid","2013-08-07","http://eunis.eea.europa.eu/habitats/10083"
"http://dd.eionet.europa.eu/vocabulary/biodiversity/n2000habitats/4030","European dry heaths","","4030","valid","2013-08-07","http://eunis.eea.europa.eu/habitats/10084"
"http://dd.eionet.europa.eu/vocabulary/biodiversity/n2000habitats/4040","Dry Atlantic coastal heaths with Erica vagans","","4040","valid","2013-08-07","http://eunis.eea.europa.eu/habitats/10085"
"http://dd.eionet.europa.eu/vocabulary/biodiversity/n2000habitats/4050","Endemic macaronesian heaths","","4050","valid","2013-08-07","http://eunis.eea.europa.eu/habitats/10086"
"http://dd.eionet.europa.eu/vocabulary/biodiversity/n2000habitats/4060","Alpine and Boreal heaths","","4060","valid","2013-08-07","http://eunis.eea.europa.eu/habitats/10087"
"http://dd.eionet.europa.eu/vocabulary/biodiversity/n2000habitats/4070","Bushes with Pinus mugo and Rhododendron hirsutum (Mugo-Rhododendretum hirsuti)","","4070","valid","2013-08-07","http://eunis.eea.europa.eu/habitats/10088"
"http://dd.eionet.europa.eu/vocabulary/biodiversity/n2000habitats/4080","Sub-Arctic Salix spp scrub","","4080","valid","2013-08-07","http://eunis.eea.europa.eu/habitats/10089"
"http://dd.eionet.europa.eu/vocabulary/biodiversity/n2000habitats/4090","Endemic oro-Mediterranean heaths with gorse","","4090","valid","2013-08-07","http://eunis.eea.europa.eu/habitats/10090"
"http://dd.eionet.europa.eu/vocabulary/biodiversity/n2000habitats/40A0","Subcontinental peri-Pannonic scrub","","40A0","valid","2013-08-07","http://eunis.eea.europa.eu/habitats/10242"
"http://dd.eionet.europa.eu/vocabulary/biodiversity/n2000habitats/40B0","Rhodope Potentilla fruticosa thickets","","40B0","valid","2013-08-07","http://eunis.eea.europa.eu/habitats/10261"
"http://dd.eionet.europa.eu/vocabulary/biodiversity/n2000habitats/40C0","Ponto-Sarmatic deciduous thickets","","40C0","valid","2013-08-07","http://eunis.eea.europa.eu/habitats/10262"
"http://dd.eionet.europa.eu/vocabulary/biodiversity/n2000habitats/5100","Sub-Mediterranean and temperate scrub","","5100","valid","2013-08-07","http://eunis.eea.europa.eu/habitats/10092"
"http://dd.eionet.europa.eu/vocabulary/biodiversity/n2000habitats/5110","Stable xero-thermophilous formations with Buxus sempervirens on rock slopes (Berberidion pp)","","5110","valid","2013-08-07","http://eunis.eea.europa.eu/habitats/10093"
"http://dd.eionet.europa.eu/vocabulary/biodiversity/n2000habitats/5120","Mountain Cytisus purgans formations","","5120","valid","2013-08-07","http://eunis.eea.europa.eu/habitats/10094"
"http://dd.eionet.europa.eu/vocabulary/biodiversity/n2000habitats/5130","Juniperus communis formations on heaths or calcareous grasslands","","5130","valid","2013-08-07","http://eunis.eea.europa.eu/habitats/10095"
"http://dd.eionet.europa.eu/vocabulary/biodiversity/n2000habitats/5140","Cistus palhinhae formations on maritime wet heaths","","5140","valid","2013-08-07","http://eunis.eea.europa.eu/habitats/10096"
"http://dd.eionet.europa.eu/vocabulary/biodiversity/n2000habitats/5200","Mediterranean arborescent matorral","","5200","valid","2013-08-07","http://eunis.eea.europa.eu/habitats/10097"
"http://dd.eionet.europa.eu/vocabulary/biodiversity/n2000habitats/5210","Arborescent matorral with Juniperus spp","","5210","valid","2013-08-07","http://eunis.eea.europa.eu/habitats/10098"
"http://dd.eionet.europa.eu/vocabulary/biodiversity/n2000habitats/5220","Arborescent matorral with Zyziphus","","5220","valid","2013-08-07","http://eunis.eea.europa.eu/habitats/10099"
"http://dd.eionet.europa.eu/vocabulary/biodiversity/n2000habitats/5230","Arborescent matorral with Laurus nobilis","","5230","valid","2013-08-07","http://eunis.eea.europa.eu/habitats/10100"
"http://dd.eionet.europa.eu/vocabulary/biodiversity/n2000habitats/5300","Thermo-Mediterranean and pre-steppe brush","","5300","valid","2013-08-07","http://eunis.eea.europa.eu/habitats/10101"
"http://dd.eionet.europa.eu/vocabulary/biodiversity/n2000habitats/5310","Laurus nobilis thickets","","5310","valid","2013-08-07","http://eunis.eea.europa.eu/habitats/10102"
"http://dd.eionet.europa.eu/vocabulary/biodiversity/n2000habitats/5320","Low formations of Euphorbia close to cliffs","","5320","valid","2013-08-07","http://eunis.eea.europa.eu/habitats/10103"
"http://dd.eionet.europa.eu/vocabulary/biodiversity/n2000habitats/5330","Thermo-Mediterranean and pre-desert scrub","","5330","valid","2013-08-07","http://eunis.eea.europa.eu/habitats/10104"
"http://dd.eionet.europa.eu/vocabulary/biodiversity/n2000habitats/5400","Phrygana","","5400","valid","2013-08-07","http://eunis.eea.europa.eu/habitats/10105"
"http://dd.eionet.europa.eu/vocabulary/biodiversity/n2000habitats/5410","West Mediterranean clifftop phryganas (Astragalo-Plantaginetum subulatae)","","5410","valid","2013-08-07","http://eunis.eea.europa.eu/habitats/10106"
"http://dd.eionet.europa.eu/vocabulary/biodiversity/n2000habitats/5420","Sarcopoterium spinosum phryganas","","5420","valid","2013-08-07","http://eunis.eea.europa.eu/habitats/10107"
"http://dd.eionet.europa.eu/vocabulary/biodiversity/n2000habitats/5430","Endemic phryganas of the Euphorbio-Verbascion","","5430","valid","2013-08-07","http://eunis.eea.europa.eu/habitats/10108"
"http://dd.eionet.europa.eu/vocabulary/biodiversity/n2000habitats/6100","Natural grasslands","","6100","valid","2013-08-07","http://eunis.eea.europa.eu/habitats/10110"
"http://dd.eionet.europa.eu/vocabulary/biodiversity/n2000habitats/6110","Rupicolous calcareous or basophilic grasslands of the Alysso-Sedion albi","","6110","valid","2013-08-07","http://eunis.eea.europa.eu/habitats/10111"
"http://dd.eionet.europa.eu/vocabulary/biodiversity/n2000habitats/6120","Xeric sand calcareous grasslands","","6120","valid","2013-08-07","http://eunis.eea.europa.eu/habitats/10112"
"http://dd.eionet.europa.eu/vocabulary/biodiversity/n2000habitats/6130","Calaminarian grasslands of the Violetalia calaminariae","","6130","valid","2013-08-07","http://eunis.eea.europa.eu/habitats/10113"
"http://dd.eionet.europa.eu/vocabulary/biodiversity/n2000habitats/6140","Siliceous Pyrenean Festuca eskia grasslands","","6140","valid","2013-08-07","http://eunis.eea.europa.eu/habitats/10114"
"http://dd.eionet.europa.eu/vocabulary/biodiversity/n2000habitats/6150","Siliceous alpine and boreal grasslands","","6150","valid","2013-08-07","http://eunis.eea.europa.eu/habitats/10115"
"http://dd.eionet.europa.eu/vocabulary/biodiversity/n2000habitats/6160","Oro-Iberian Festuca indigesta grasslands","","6160","valid","2013-08-07","http://eunis.eea.europa.eu/habitats/10116"
"http://dd.eionet.europa.eu/vocabulary/biodiversity/n2000habitats/6170","Alpine and subalpine calcareous grasslands","","6170","valid","2013-08-07","http://eunis.eea.europa.eu/habitats/10117"
"http://dd.eionet.europa.eu/vocabulary/biodiversity/n2000habitats/6180","Macaronesian mesophile grasslands","","6180","valid","2013-08-07","http://eunis.eea.europa.eu/habitats/10118"
"http://dd.eionet.europa.eu/vocabulary/biodiversity/n2000habitats/6190","Rupicolous pannonic grasslands (Stipo-Festucetalia pallentis)","","6190","valid","2013-08-07","http://eunis.eea.europa.eu/habitats/10243"
"http://dd.eionet.europa.eu/vocabulary/biodiversity/n2000habitats/6200","Semi-natural dry grasslands and scrubland facies","","6200","valid","2013-08-07","http://eunis.eea.europa.eu/habitats/10119"
"http://dd.eionet.europa.eu/vocabulary/biodiversity/n2000habitats/6210","Semi-natural dry grasslands and scrubland facies on calcareous substrates (Festuco-Brometalia) (* important orchid sites)","","6210","valid","2013-08-07","http://eunis.eea.europa.eu/habitats/10120"
"http://dd.eionet.europa.eu/vocabulary/biodiversity/n2000habitats/6220","Pseudo-steppe with grasses and annuals of the Thero-Brachypodietea","","6220","valid","2013-08-07","http://eunis.eea.europa.eu/habitats/10121"
"http://dd.eionet.europa.eu/vocabulary/biodiversity/n2000habitats/6230","Species-rich Nardus grasslands, on silicious substrates in mountain areas (and submountain areas in Continental Europe)","","6230","valid","2013-08-07","http://eunis.eea.europa.eu/habitats/10122"
"http://dd.eionet.europa.eu/vocabulary/biodiversity/n2000habitats/6240","Sub-Pannonic steppic grasslands","","6240","valid","2013-08-07","http://eunis.eea.europa.eu/habitats/10123"
"http://dd.eionet.europa.eu/vocabulary/biodiversity/n2000habitats/6250","Pannonic loess steppic grasslands","","6250","valid","2013-08-07","http://eunis.eea.europa.eu/habitats/10124"
"http://dd.eionet.europa.eu/vocabulary/biodiversity/n2000habitats/6260","Pannonic sand steppes","","6260","valid","2013-08-07","http://eunis.eea.europa.eu/habitats/10125"
"http://dd.eionet.europa.eu/vocabulary/biodiversity/n2000habitats/6270","Fennoscandian lowland species-rich dry to mesic grasslands","","6270","valid","2013-08-07","http://eunis.eea.europa.eu/habitats/10126"
"http://dd.eionet.europa.eu/vocabulary/biodiversity/n2000habitats/6280","Nordic alvar and precambrian calcareous flatrocks","","6280","valid","2013-08-07","http://eunis.eea.europa.eu/habitats/10127"
"http://dd.eionet.europa.eu/vocabulary/biodiversity/n2000habitats/62A0","Eastern sub-mediteranean dry grasslands (Scorzoneratalia villosae)","","62A0","valid","2013-08-07","http://eunis.eea.europa.eu/habitats/10244"
"http://dd.eionet.europa.eu/vocabulary/biodiversity/n2000habitats/62B0","Serpentinophilous grassland of Cyprus","","62B0","valid","2013-08-07","http://eunis.eea.europa.eu/habitats/10245"
"http://dd.eionet.europa.eu/vocabulary/biodiversity/n2000habitats/62C0","Ponto-Sarmatic steppes","","62C0","valid","2013-08-07","http://eunis.eea.europa.eu/habitats/10263"
"http://dd.eionet.europa.eu/vocabulary/biodiversity/n2000habitats/62D0","Oro-Moesian acidophilous grasslands","","62D0","valid","2013-08-07","http://eunis.eea.europa.eu/habitats/10264"
"http://dd.eionet.europa.eu/vocabulary/biodiversity/n2000habitats/6300","Sclerophillous grazed forests (dehesas)","","6300","valid","2013-08-07","http://eunis.eea.europa.eu/habitats/10128"
"http://dd.eionet.europa.eu/vocabulary/biodiversity/n2000habitats/6310","Dehesas with evergreen Quercus spp","","6310","valid","2013-08-07","http://eunis.eea.europa.eu/habitats/10129"
"http://dd.eionet.europa.eu/vocabulary/biodiversity/n2000habitats/6400","Semi-natural tall-herb humid meadows","","6400","valid","2013-08-07","http://eunis.eea.europa.eu/habitats/10130"
"http://dd.eionet.europa.eu/vocabulary/biodiversity/n2000habitats/6410","Molinia meadows on calcareous, peaty or clayey-silt-laden soils (Molinion caeruleae)","","6410","valid","2013-08-07","http://eunis.eea.europa.eu/habitats/10131"
"http://dd.eionet.europa.eu/vocabulary/biodiversity/n2000habitats/6420","Mediterranean tall humid grasslands of the Molinio-Holoschoenion","","6420","valid","2013-08-07","http://eunis.eea.europa.eu/habitats/10132"
"http://dd.eionet.europa.eu/vocabulary/biodiversity/n2000habitats/6430","Hydrophilous tall herb fringe communities of plains and of the montane to alpine levels","","6430","valid","2013-08-07","http://eunis.eea.europa.eu/habitats/10133"
"http://dd.eionet.europa.eu/vocabulary/biodiversity/n2000habitats/6440","Alluvial meadows of river valleys of the Cnidion dubii","","6440","valid","2013-08-07","http://eunis.eea.europa.eu/habitats/10134"
"http://dd.eionet.europa.eu/vocabulary/biodiversity/n2000habitats/6450","Northern boreal alluvial meadows","","6450","valid","2013-08-07","http://eunis.eea.europa.eu/habitats/10135"
"http://dd.eionet.europa.eu/vocabulary/biodiversity/n2000habitats/6460","Peat grasslands of Troodos","","6460","valid","2013-08-07","http://eunis.eea.europa.eu/habitats/10246"
"http://dd.eionet.europa.eu/vocabulary/biodiversity/n2000habitats/6500","Mesophile grasslands","","6500","valid","2013-08-07","http://eunis.eea.europa.eu/habitats/10136"
"http://dd.eionet.europa.eu/vocabulary/biodiversity/n2000habitats/6510","Lowland hay meadows (Alopecurus pratensis, Sanguisorba officinalis)","","6510","valid","2013-08-07","http://eunis.eea.europa.eu/habitats/10137"
"http://dd.eionet.europa.eu/vocabulary/biodiversity/n2000habitats/6520","Mountain hay meadows","","6520","valid","2013-08-07","http://eunis.eea.europa.eu/habitats/10138"
"http://dd.eionet.europa.eu/vocabulary/biodiversity/n2000habitats/6530","Fennoscandian wooded meadows","","6530","valid","2013-08-07","http://eunis.eea.europa.eu/habitats/10139"
"http://dd.eionet.europa.eu/vocabulary/biodiversity/n2000habitats/7100","Sphagnum acid bogs","","7100","valid","2013-08-07","http://eunis.eea.europa.eu/habitats/10141"
"http://dd.eionet.europa.eu/vocabulary/biodiversity/n2000habitats/7110","Active raised bogs","","7110","valid","2013-08-07","http://eunis.eea.europa.eu/habitats/10142"
"http://dd.eionet.europa.eu/vocabulary/biodiversity/n2000habitats/7120","Degraded raised bogs still capable of natural regeneration","","7120","valid","2013-08-07","http://eunis.eea.europa.eu/habitats/10143"
"http://dd.eionet.europa.eu/vocabulary/biodiversity/n2000habitats/7130","Blanket bogs (* if active bog)","","7130","valid","2013-08-07","http://eunis.eea.europa.eu/habitats/10144"
"http://dd.eionet.europa.eu/vocabulary/biodiversity/n2000habitats/7140","Transition mires and quaking bogs","","7140","valid","2013-08-07","http://eunis.eea.europa.eu/habitats/10145"
"http://dd.eionet.europa.eu/vocabulary/biodiversity/n2000habitats/7150","Depressions on peat substrates of the Rhynchosporion","","7150","valid","2013-08-07","http://eunis.eea.europa.eu/habitats/10146"
"http://dd.eionet.europa.eu/vocabulary/biodiversity/n2000habitats/7160","Fennoscandian mineral-rich springs and springfens","","7160","valid","2013-08-07","http://eunis.eea.europa.eu/habitats/10147"
"http://dd.eionet.europa.eu/vocabulary/biodiversity/n2000habitats/7200","Calcareous fens","","7200","valid","2013-08-07","http://eunis.eea.europa.eu/habitats/10148"
"http://dd.eionet.europa.eu/vocabulary/biodiversity/n2000habitats/7210","Calcareous fens with Cladium mariscus and species of the Caricion davallianae","","7210","valid","2013-08-07","http://eunis.eea.europa.eu/habitats/10149"
"http://dd.eionet.europa.eu/vocabulary/biodiversity/n2000habitats/7220","Petrifying springs with tufa formation (Cratoneurion)","","7220","valid","2013-08-07","http://eunis.eea.europa.eu/habitats/10150"
"http://dd.eionet.europa.eu/vocabulary/biodiversity/n2000habitats/7230","Alkaline fens","","7230","valid","2013-08-07","http://eunis.eea.europa.eu/habitats/10151"
"http://dd.eionet.europa.eu/vocabulary/biodiversity/n2000habitats/7240","Alpine pioneer formations of the Caricion bicoloris-atrofuscae","","7240","valid","2013-08-07","http://eunis.eea.europa.eu/habitats/10152"
"http://dd.eionet.europa.eu/vocabulary/biodiversity/n2000habitats/7300","Boreal mires","","7300","valid","2013-08-07","http://eunis.eea.europa.eu/habitats/10153"
"http://dd.eionet.europa.eu/vocabulary/biodiversity/n2000habitats/7310","Aapa mires","","7310","valid","2013-08-07","http://eunis.eea.europa.eu/habitats/10154"
"http://dd.eionet.europa.eu/vocabulary/biodiversity/n2000habitats/7320","Palsa mires","","7320","valid","2013-08-07","http://eunis.eea.europa.eu/habitats/10155"
"http://dd.eionet.europa.eu/vocabulary/biodiversity/n2000habitats/8100","Scree","","8100","valid","2013-08-07","http://eunis.eea.europa.eu/habitats/10157"
"http://dd.eionet.europa.eu/vocabulary/biodiversity/n2000habitats/8110","Siliceous scree of the montane to snow levels (Androsacetalia alpinae and Galeopsietalia ladani)","","8110","valid","2013-08-07","http://eunis.eea.europa.eu/habitats/10158"
"http://dd.eionet.europa.eu/vocabulary/biodiversity/n2000habitats/8120","Calcareous and calcshist screes of the montane to alpine levels (Thlaspietea rotundifolii)","","8120","valid","2013-08-07","http://eunis.eea.europa.eu/habitats/10159"
"http://dd.eionet.europa.eu/vocabulary/biodiversity/n2000habitats/8130","Western Mediterranean and thermophilous scree","","8130","valid","2013-08-07","http://eunis.eea.europa.eu/habitats/10160"
"http://dd.eionet.europa.eu/vocabulary/biodiversity/n2000habitats/8140","Eastern Mediterranean screes","","8140","valid","2013-08-07","http://eunis.eea.europa.eu/habitats/10161"
"http://dd.eionet.europa.eu/vocabulary/biodiversity/n2000habitats/8150","Medio-European upland siliceous screes","","8150","valid","2013-08-07","http://eunis.eea.europa.eu/habitats/10162"
"http://dd.eionet.europa.eu/vocabulary/biodiversity/n2000habitats/8160","Medio-European calcareous scree of hill and montane levels","","8160","valid","2013-08-07","http://eunis.eea.europa.eu/habitats/10163"
"http://dd.eionet.europa.eu/vocabulary/biodiversity/n2000habitats/8200","Rocky slopes with chasmophytic vegetation","","8200","valid","2013-08-07","http://eunis.eea.europa.eu/habitats/10164"
"http://dd.eionet.europa.eu/vocabulary/biodiversity/n2000habitats/8210","Calcareous rocky slopes with chasmophytic vegetation","","8210","valid","2013-08-07","http://eunis.eea.europa.eu/habitats/10165"
"http://dd.eionet.europa.eu/vocabulary/biodiversity/n2000habitats/8220","Siliceous rocky slopes with chasmophytic vegetation","","8220","valid","2013-08-07","http://eunis.eea.europa.eu/habitats/10166"
"http://dd.eionet.europa.eu/vocabulary/biodiversity/n2000habitats/8230","Siliceous rock with pioneer vegetation of the Sedo-Scleranthion or of the Sedo albi-Veronicion dillenii","","8230","valid","2013-08-07","http://eunis.eea.europa.eu/habitats/10167"
"http://dd.eionet.europa.eu/vocabulary/biodiversity/n2000habitats/8240","Limestone pavements","","8240","valid","2013-08-07","http://eunis.eea.europa.eu/habitats/10168"
"http://dd.eionet.europa.eu/vocabulary/biodiversity/n2000habitats/8300","Other rocky habitats","","8300","valid","2013-08-07","http://eunis.eea.europa.eu/habitats/10169"
"http://dd.eionet.europa.eu/vocabulary/biodiversity/n2000habitats/8310","Caves not open to the public","","8310","valid","2013-08-07","http://eunis.eea.europa.eu/habitats/10170"
"http://dd.eionet.europa.eu/vocabulary/biodiversity/n2000habitats/8320","Fields of lava and natural excavations","","8320","valid","2013-08-07","http://eunis.eea.europa.eu/habitats/10171"
"http://dd.eionet.europa.eu/vocabulary/biodiversity/n2000habitats/8330","Submerged or partially submerged sea caves","","8330","valid","2013-08-07","http://eunis.eea.europa.eu/habitats/10172"
"http://dd.eionet.europa.eu/vocabulary/biodiversity/n2000habitats/8340","Permanent glaciers","","8340","valid","2013-08-07","http://eunis.eea.europa.eu/habitats/10173"
"http://dd.eionet.europa.eu/vocabulary/biodiversity/n2000habitats/9000","Forests of Boreal Europe","","9000","valid","2013-08-07","http://eunis.eea.europa.eu/habitats/10175"
"http://dd.eionet.europa.eu/vocabulary/biodiversity/n2000habitats/9010","Western Taïga","","9010","valid","2013-08-07","http://eunis.eea.europa.eu/habitats/10176"
"http://dd.eionet.europa.eu/vocabulary/biodiversity/n2000habitats/9020","Fennoscandian hemiboreal natural old broad-leaved deciduous forests (Quercus, Tilia, Acer, Fraxinus or Ulmus) rich in epiphytes","","9020","valid","2013-08-07","http://eunis.eea.europa.eu/habitats/10177"
"http://dd.eionet.europa.eu/vocabulary/biodiversity/n2000habitats/9030","Natural forests of primary succession stages of landupheaval coast","","9030","valid","2013-08-07","http://eunis.eea.europa.eu/habitats/10178"
"http://dd.eionet.europa.eu/vocabulary/biodiversity/n2000habitats/9040","Nordic subalpine/subarctic forests with Betula pubescens ssp czerepanovii","","9040","valid","2013-08-07","http://eunis.eea.europa.eu/habitats/10179"
"http://dd.eionet.europa.eu/vocabulary/biodiversity/n2000habitats/9050","Fennoscandian herb-rich forests with Picea abies","","9050","valid","2013-08-07","http://eunis.eea.europa.eu/habitats/10180"
"http://dd.eionet.europa.eu/vocabulary/biodiversity/n2000habitats/9060","Coniferous forests on, or connected to, glaciofluvial eskers","","9060","valid","2013-08-07","http://eunis.eea.europa.eu/habitats/10181"
"http://dd.eionet.europa.eu/vocabulary/biodiversity/n2000habitats/9070","Fennoscandian wooded pastures","","9070","valid","2013-08-07","http://eunis.eea.europa.eu/habitats/10182"
"http://dd.eionet.europa.eu/vocabulary/biodiversity/n2000habitats/9080","Fennoscandian deciduous swamp woods","","9080","valid","2013-08-07","http://eunis.eea.europa.eu/habitats/10183"
"http://dd.eionet.europa.eu/vocabulary/biodiversity/n2000habitats/9100","Forests of Temperate Europe","","9100","valid","2013-08-07","http://eunis.eea.europa.eu/habitats/10184"
"http://dd.eionet.europa.eu/vocabulary/biodiversity/n2000habitats/9110","Luzulo-Fagetum beech forests","","9110","valid","2013-08-07","http://eunis.eea.europa.eu/habitats/10185"
"http://dd.eionet.europa.eu/vocabulary/biodiversity/n2000habitats/9120","Atlantic acidophilous beech forests with Ilex and sometimes also Taxus in the shrublayer (Quercion robori-petraeae or Ilici-Fagenion)","","9120","valid","2013-08-07","http://eunis.eea.europa.eu/habitats/10186"
"http://dd.eionet.europa.eu/vocabulary/biodiversity/n2000habitats/9130","Asperulo-Fagetum beech forests","","9130","valid","2013-08-07","http://eunis.eea.europa.eu/habitats/10187"
"http://dd.eionet.europa.eu/vocabulary/biodiversity/n2000habitats/9140","Medio-European subalpine beech woods with Acer and Rumex arifolius","","9140","valid","2013-08-07","http://eunis.eea.europa.eu/habitats/10188"
"http://dd.eionet.europa.eu/vocabulary/biodiversity/n2000habitats/9150","Medio-European limestone beech forests of the Cephalanthero-Fagion","","9150","valid","2013-08-07","http://eunis.eea.europa.eu/habitats/10189"
"http://dd.eionet.europa.eu/vocabulary/biodiversity/n2000habitats/9160","Sub-Atlantic and medio-European oak or oak-hornbeam forests of the Carpinion betuli","","9160","valid","2013-08-07","http://eunis.eea.europa.eu/habitats/10190"
"http://dd.eionet.europa.eu/vocabulary/biodiversity/n2000habitats/9170","Galio-Carpinetum oak-hornbeam forests","","9170","valid","2013-08-07","http://eunis.eea.europa.eu/habitats/10191"
"http://dd.eionet.europa.eu/vocabulary/biodiversity/n2000habitats/9180","Tilio-Acerion forests of slopes, screes and ravines","","9180","valid","2013-08-07","http://eunis.eea.europa.eu/habitats/10192"
"http://dd.eionet.europa.eu/vocabulary/biodiversity/n2000habitats/9190","Old acidophilous oak woods with Quercus robur on sandy plains","","9190","valid","2013-08-07","http://eunis.eea.europa.eu/habitats/10193"
"http://dd.eionet.europa.eu/vocabulary/biodiversity/n2000habitats/91A0","Old sessile oak woods with Ilex and Blechnum in the British Isles","","91A0","valid","2013-08-07","http://eunis.eea.europa.eu/habitats/10194"
"http://dd.eionet.europa.eu/vocabulary/biodiversity/n2000habitats/91AA","Eastern white oak woods","","91AA","valid","2013-08-07","http://eunis.eea.europa.eu/habitats/10270"
"http://dd.eionet.europa.eu/vocabulary/biodiversity/n2000habitats/91B0","Thermophilous Fraxinus angustifolia woods","","91B0","valid","2013-08-07","http://eunis.eea.europa.eu/habitats/10195"
"http://dd.eionet.europa.eu/vocabulary/biodiversity/n2000habitats/91BA","Moesian silver fir forests","","91BA","valid","2013-08-07","http://eunis.eea.europa.eu/habitats/10271"
"http://dd.eionet.europa.eu/vocabulary/biodiversity/n2000habitats/91C0","Caledonian forest","","91C0","valid","2013-08-07","http://eunis.eea.europa.eu/habitats/10196"
"http://dd.eionet.europa.eu/vocabulary/biodiversity/n2000habitats/91CA","Rhodopide and Balkan Range Scots pine forests","","91CA","valid","2013-08-07","http://eunis.eea.europa.eu/habitats/10272"
"http://dd.eionet.europa.eu/vocabulary/biodiversity/n2000habitats/91D0","Bog woodland","","91D0","valid","2013-08-07","http://eunis.eea.europa.eu/habitats/10197"
"http://dd.eionet.europa.eu/vocabulary/biodiversity/n2000habitats/91E0","Alluvial forests with Alnus glutinosa and Fraxinus excelsior (Alno-Padion, Alnion incanae, Salicion albae)","","91E0","valid","2013-08-07","http://eunis.eea.europa.eu/habitats/10198"
"http://dd.eionet.europa.eu/vocabulary/biodiversity/n2000habitats/91F0","Riparian mixed forests of Quercus robur, Ulmus laevis and Ulmus minor, Fraxinus excelsior or Fraxinus angustifolia, along the great rivers (Ulmenion minoris)","","91F0","valid","2013-08-07","http://eunis.eea.europa.eu/habitats/10199"
"http://dd.eionet.europa.eu/vocabulary/biodiversity/n2000habitats/91G0","Pannonic woods with Quercus petraea and Carpinus betulus","","91G0","valid","2013-08-07","http://eunis.eea.europa.eu/habitats/10200"
"http://dd.eionet.europa.eu/vocabulary/biodiversity/n2000habitats/91H0","Pannonian woods with Quercus pubescens","","91H0","valid","2013-08-07","http://eunis.eea.europa.eu/habitats/10201"
"http://dd.eionet.europa.eu/vocabulary/biodiversity/n2000habitats/91I0","Euro-Siberian steppic woods with Quercus spp","","91I0","valid","2013-08-07","http://eunis.eea.europa.eu/habitats/10202"
"http://dd.eionet.europa.eu/vocabulary/biodiversity/n2000habitats/91J0","Taxus baccata woods of the British Isles","","91J0","valid","2013-08-07","http://eunis.eea.europa.eu/habitats/10203"
"http://dd.eionet.europa.eu/vocabulary/biodiversity/n2000habitats/91K0","Illyrian Fagus sylvatica forests (Aremonio-Fagion)","","91K0","valid","2013-08-07","http://eunis.eea.europa.eu/habitats/10247"
"http://dd.eionet.europa.eu/vocabulary/biodiversity/n2000habitats/91L0","Illyrian oak-hornbeam forests (Erythronio-carpinion)","","91L0","valid","2013-08-07","http://eunis.eea.europa.eu/habitats/10248"
"http://dd.eionet.europa.eu/vocabulary/biodiversity/n2000habitats/91M0","Pannonian-Balkanic turkey oak –sessile oak forests","","91M0","valid","2013-08-07","http://eunis.eea.europa.eu/habitats/10249"
"http://dd.eionet.europa.eu/vocabulary/biodiversity/n2000habitats/91N0","Pannonic inland sand dune thicket (Junipero-Populetum albae)","","91N0","valid","2013-08-07","http://eunis.eea.europa.eu/habitats/10250"
"http://dd.eionet.europa.eu/vocabulary/biodiversity/n2000habitats/91P0","Holy Cross fir forest (Abietetum polonicum)","","91P0","valid","2013-08-07","http://eunis.eea.europa.eu/habitats/10251"
"http://dd.eionet.europa.eu/vocabulary/biodiversity/n2000habitats/91Q0","Western Carpathian calcicolous Pinus sylvestris forests","","91Q0","valid","2013-08-07","http://eunis.eea.europa.eu/habitats/10252"
"http://dd.eionet.europa.eu/vocabulary/biodiversity/n2000habitats/91R0","Dinaric dolomite Scots pine forests (Genisto januensis-Pinetum)","","91R0","valid","2013-08-07","http://eunis.eea.europa.eu/habitats/10253"
"http://dd.eionet.europa.eu/vocabulary/biodiversity/n2000habitats/91S0","Western Pontic beech forests","","91S0","valid","2013-08-07","http://eunis.eea.europa.eu/habitats/10265"
"http://dd.eionet.europa.eu/vocabulary/biodiversity/n2000habitats/91T0","Central European lichen scots pine forests","","91T0","valid","2013-08-07","http://eunis.eea.europa.eu/habitats/10254"
"http://dd.eionet.europa.eu/vocabulary/biodiversity/n2000habitats/91U0","Sarmatic steppe pine forest","","91U0","valid","2013-08-07","http://eunis.eea.europa.eu/habitats/10255"
"http://dd.eionet.europa.eu/vocabulary/biodiversity/n2000habitats/91V0","Dacian Beech forests (Symphyto-Fagion)","","91V0","valid","2013-08-07","http://eunis.eea.europa.eu/habitats/10256"
"http://dd.eionet.europa.eu/vocabulary/biodiversity/n2000habitats/91W0","Moesian beech forests","","91W0","valid","2013-08-07","http://eunis.eea.europa.eu/habitats/10266"
"http://dd.eionet.europa.eu/vocabulary/biodiversity/n2000habitats/91X0","Dobrogean beech forests","","91X0","valid","2013-08-07","http://eunis.eea.europa.eu/habitats/10267"
"http://dd.eionet.europa.eu/vocabulary/biodiversity/n2000habitats/91Y0","Dacian oak & hornbeam forests","","91Y0","valid","2013-08-07","http://eunis.eea.europa.eu/habitats/10268"
"http://dd.eionet.europa.eu/vocabulary/biodiversity/n2000habitats/91Z0","Moesian silver lime woods","","91Z0","valid","2013-08-07","http://eunis.eea.europa.eu/habitats/10269"
"http://dd.eionet.europa.eu/vocabulary/biodiversity/n2000habitats/9200","Mediterranean deciduous forests","","9200","valid","2013-08-07","http://eunis.eea.europa.eu/habitats/10204"
"http://dd.eionet.europa.eu/vocabulary/biodiversity/n2000habitats/9210","Apeninne beech forests with Taxus and Ilex","","9210","valid","2013-08-07","http://eunis.eea.europa.eu/habitats/10205"
"http://dd.eionet.europa.eu/vocabulary/biodiversity/n2000habitats/9220","Apennine beech forests with Abies alba and beech forests with Abies nebrodensis","","9220","valid","2013-08-07","http://eunis.eea.europa.eu/habitats/10206"
"http://dd.eionet.europa.eu/vocabulary/biodiversity/n2000habitats/9230","Galicio-Portuguese oak woods with Quercus robur and Quercus pyrenaica","","9230","valid","2013-08-07","http://eunis.eea.europa.eu/habitats/10207"
"http://dd.eionet.europa.eu/vocabulary/biodiversity/n2000habitats/9240","Quercus faginea and Quercus canariensis Iberian woods","","9240","valid","2013-08-07","http://eunis.eea.europa.eu/habitats/10208"
"http://dd.eionet.europa.eu/vocabulary/biodiversity/n2000habitats/9250","Quercus trojana woods","","9250","valid","2013-08-07","http://eunis.eea.europa.eu/habitats/10209"
"http://dd.eionet.europa.eu/vocabulary/biodiversity/n2000habitats/9260","Castanea sativa woods","","9260","valid","2013-08-07","http://eunis.eea.europa.eu/habitats/10210"
"http://dd.eionet.europa.eu/vocabulary/biodiversity/n2000habitats/9270","Hellenic beech forests with Abies borisii-regis","","9270","valid","2013-08-07","http://eunis.eea.europa.eu/habitats/10211"
"http://dd.eionet.europa.eu/vocabulary/biodiversity/n2000habitats/9280","Quercus frainetto woods","","9280","valid","2013-08-07","http://eunis.eea.europa.eu/habitats/10212"
"http://dd.eionet.europa.eu/vocabulary/biodiversity/n2000habitats/9290","Cupressus forests (Acero-Cupression)","","9290","valid","2013-08-07","http://eunis.eea.europa.eu/habitats/10213"
"http://dd.eionet.europa.eu/vocabulary/biodiversity/n2000habitats/92A0","Salix alba and Populus alba galleries","","92A0","valid","2013-08-07","http://eunis.eea.europa.eu/habitats/10214"
"http://dd.eionet.europa.eu/vocabulary/biodiversity/n2000habitats/92B0","Riparian formations on intermittent Mediterranean water courses with Rhododendron ponticum, Salix and others","","92B0","valid","2013-08-07","http://eunis.eea.europa.eu/habitats/10215"
"http://dd.eionet.europa.eu/vocabulary/biodiversity/n2000habitats/92C0","Platanus orientalis and Liquidambar orientalis woods (Platanion orientalis)","","92C0","valid","2013-08-07","http://eunis.eea.europa.eu/habitats/10216"
"http://dd.eionet.europa.eu/vocabulary/biodiversity/n2000habitats/92D0","Southern riparian galleries and thickets (Nerio-Tamaricetea and Securinegion tinctoriae)","","92D0","valid","2013-08-07","http://eunis.eea.europa.eu/habitats/10217"
"http://dd.eionet.europa.eu/vocabulary/biodiversity/n2000habitats/9300","Mediterranean sclerophyllous forests","","9300","valid","2013-08-07","http://eunis.eea.europa.eu/habitats/10218"
"http://dd.eionet.europa.eu/vocabulary/biodiversity/n2000habitats/9310","Aegean Quercus brachyphylla woods","","9310","valid","2013-08-07","http://eunis.eea.europa.eu/habitats/10219"
"http://dd.eionet.europa.eu/vocabulary/biodiversity/n2000habitats/9320","Olea and Ceratonia forests","","9320","valid","2013-08-07","http://eunis.eea.europa.eu/habitats/10220"
"http://dd.eionet.europa.eu/vocabulary/biodiversity/n2000habitats/9330","Quercus suber forests","","9330","valid","2013-08-07","http://eunis.eea.europa.eu/habitats/10221"
"http://dd.eionet.europa.eu/vocabulary/biodiversity/n2000habitats/9340","Quercus ilex and Quercus rotundifolia forests","","9340","valid","2013-08-07","http://eunis.eea.europa.eu/habitats/10222"
"http://dd.eionet.europa.eu/vocabulary/biodiversity/n2000habitats/9350","Quercus macrolepis forests","","9350","valid","2013-08-07","http://eunis.eea.europa.eu/habitats/10223"
"http://dd.eionet.europa.eu/vocabulary/biodiversity/n2000habitats/9360","Macaronesian laurel forests (Laurus, Ocotea)","","9360","valid","2013-08-07","http://eunis.eea.europa.eu/habitats/10224"
"http://dd.eionet.europa.eu/vocabulary/biodiversity/n2000habitats/9370","Palm groves of Phoenix","","9370","valid","2013-08-07","http://eunis.eea.europa.eu/habitats/10225"
"http://dd.eionet.europa.eu/vocabulary/biodiversity/n2000habitats/9380","Forests of Ilex aquifolium","","9380","valid","2013-08-07","http://eunis.eea.europa.eu/habitats/10226"
"http://dd.eionet.europa.eu/vocabulary/biodiversity/n2000habitats/9390","Scrub and low forest vegetation with Quercus alnifolia","","9390","valid","2013-08-07","http://eunis.eea.europa.eu/habitats/10257"
"http://dd.eionet.europa.eu/vocabulary/biodiversity/n2000habitats/93A0","Woodlands with Quercus infectoria (Anagyro foetidae-Quercetum infectoriae)","","93A0","valid","2013-08-07","http://eunis.eea.europa.eu/habitats/10258"
"http://dd.eionet.europa.eu/vocabulary/biodiversity/n2000habitats/9400","Temperate mountainous coniferous forests","","9400","valid","2013-08-07","http://eunis.eea.europa.eu/habitats/10227"
"http://dd.eionet.europa.eu/vocabulary/biodiversity/n2000habitats/9410","Acidophilous Picea forests of the montane to alpine levels (Vaccinio-Piceetea)","","9410","valid","2013-08-07","http://eunis.eea.europa.eu/habitats/10228"
"http://dd.eionet.europa.eu/vocabulary/biodiversity/n2000habitats/9420","Alpine Larix decidua and/or Pinus cembra forests","","9420","valid","2013-08-07","http://eunis.eea.europa.eu/habitats/10229"
"http://dd.eionet.europa.eu/vocabulary/biodiversity/n2000habitats/9430","Subalpine and montane Pinus uncinata forests (* if on gypsum or limestone)","","9430","valid","2013-08-07","http://eunis.eea.europa.eu/habitats/10230"
"http://dd.eionet.europa.eu/vocabulary/biodiversity/n2000habitats/9500","Mediterranean and Macaronesian mountainous coniferous forests","","9500","valid","2013-08-07","http://eunis.eea.europa.eu/habitats/10231"
"http://dd.eionet.europa.eu/vocabulary/biodiversity/n2000habitats/9510","Southern Apennine Abies alba forests","","9510","valid","2013-08-07","http://eunis.eea.europa.eu/habitats/10232"
"http://dd.eionet.europa.eu/vocabulary/biodiversity/n2000habitats/9520","Abies pinsapo forests","","9520","valid","2013-08-07","http://eunis.eea.europa.eu/habitats/10233"
"http://dd.eionet.europa.eu/vocabulary/biodiversity/n2000habitats/9530","(Sub-) Mediterranean pine forests with endemic black pines","","9530","valid","2013-08-07","http://eunis.eea.europa.eu/habitats/10234"
"http://dd.eionet.europa.eu/vocabulary/biodiversity/n2000habitats/9540","Mediterranean pine forests with endemic Mesogean pines","","9540","valid","2013-08-07","http://eunis.eea.europa.eu/habitats/10235"
"http://dd.eionet.europa.eu/vocabulary/biodiversity/n2000habitats/9550","Canary Island endemic pine forests","","9550","valid","2013-08-07","http://eunis.eea.europa.eu/habitats/10236"
"http://dd.eionet.europa.eu/vocabulary/biodiversity/n2000habitats/9560","Endemic forests with Juniperus spp","","9560","valid","2013-08-07","http://eunis.eea.europa.eu/habitats/10237"
"http://dd.eionet.europa.eu/vocabulary/biodiversity/n2000habitats/9570","Tetraclinis articulata forests","","9570","valid","2013-08-07","http://eunis.eea.europa.eu/habitats/10238"
"http://dd.eionet.europa.eu/vocabulary/biodiversity/n2000habitats/9580","Mediterranean Taxus baccata woods","","9580","valid","2013-08-07","http://eunis.eea.europa.eu/habitats/10239"
"http://dd.eionet.europa.eu/vocabulary/biodiversity/n2000habitats/9590","Cedrus brevifolia forests (Cedrosetum brevifoliae)","","9590","valid","2013-08-07","http://eunis.eea.europa.eu/habitats/10259"
"http://dd.eionet.europa.eu/vocabulary/biodiversity/n2000habitats/95A0","High oro-Mediterranean pine forests","","95A0","valid","2013-08-07","http://eunis.eea.europa.eu/habitats/10273"
